-16,-48,uNPqhW8qSQKDavg4DyC4yRFy40M=,WecCfvkKQbUciR9pPD9JxxW9Dfw=
-15,-48,uNPqhW8qSQKDavg4DyC4yRFy40M=,WecCfvkKQbUciR9pPD9JxxW9Dfw=
-14,-48,uNPqhW8qSQKDavg4DyC4yRFy40M=,WecCfvkKQbUciR9pPD9JxxW9Dfw=
-13,-48,uNPqhW8qSQKDavg4DyC4yRFy40M=,WecCfvkKQbUciR9pPD9JxxW9Dfw=
-12,-48,uNPqhW8qSQKDavg4DyC4yRFy40M=,WecCfvkKQbUciR9pPD9JxxW9Dfw=
-11,-48,uNPqhW8qSQKDavg4DyC4yRFy40M=,WecCfvkKQbUciR9pPD9JxxW9Dfw=
-10,-48,uNPqhW8qSQKDavg4DyC4yRFy40M=,WecCfvkKQbUciR9pPD9JxxW9Dfw=
-9,-48,uNPqhW8qSQKDavg4DyC4yRFy40M=,WecCfvkKQbUciR9pPD9JxxW9Dfw=
-16,-47,uNPqhW8qSQKDavg4DyC4yRFy40M=,WecCfvkKQbUciR9pPD9JxxW9Dfw=
-15,-47,uNPqhW8qSQKDavg4DyC4yRFy40M=,WecCfvkKQbUciR9pPD9JxxW9Dfw=
-14,-47,uNPqhW8qSQKDavg4DyC4yRFy40M=,WecCfvkKQbUciR9pPD9JxxW9Dfw=
-9,-42,uNPqhW8qSQKDavg4DyC4yRFy40M=,WecCfvkKQbUciR9pPD9JxxW9Dfw=
-10,-42,uNPqhW8qSQKDavg4DyC4yRFy40M=,WecCfvkKQbUciR9pPD9JxxW9Dfw=
-11,-42,uNPqhW8qSQKDavg4DyC4yRFy40M=,WecCfvkKQbUciR9pPD9JxxW9Dfw=
-12,-42,uNPqhW8qSQKDavg4DyC4yRFy40M=,WecCfvkKQbUciR9pPD9JxxW9Dfw=
-13,-42,uNPqhW8qSQKDavg4DyC4yRFy40M=,WecCfvkKQbUciR9pPD9JxxW9Dfw=
-14,-42,uNPqhW8qSQKDavg4DyC4yRFy40M=,WecCfvkKQbUciR9pPD9JxxW9Dfw=
-15,-42,uNPqhW8qSQKDavg4DyC4yRFy40M=,WecCfvkKQbUciR9pPD9JxxW9Dfw=
-9,-43,uNPqhW8qSQKDavg4DyC4yRFy40M=,WecCfvkKQbUciR9pPD9JxxW9Dfw=
-10,-43,uNPqhW8qSQKDavg4DyC4yRFy40M=,WecCfvkKQbUciR9pPD9JxxW9Dfw=
-11,-43,uNPqhW8qSQKDavg4DyC4yRFy40M=,WecCfvkKQbUciR9pPD9JxxW9Dfw=
-12,-43,uNPqhW8qSQKDavg4DyC4yRFy40M=,WecCfvkKQbUciR9pPD9JxxW9Dfw=
-13,-43,uNPqhW8qSQKDavg4DyC4yRFy40M=,WecCfvkKQbUciR9pPD9JxxW9Dfw=
-14,-43,uNPqhW8qSQKDavg4DyC4yRFy40M=,WecCfvkKQbUciR9pPD9JxxW9Dfw=
-15,-43,uNPqhW8qSQKDavg4DyC4yRFy40M=,WecCfvkKQbUciR9pPD9JxxW9Dfw=
-9,-44,uNPqhW8qSQKDavg4DyC4yRFy40M=,WecCfvkKQbUciR9pPD9JxxW9Dfw=
-10,-44,uNPqhW8qSQKDavg4DyC4yRFy40M=,WecCfvkKQbUciR9pPD9JxxW9Dfw=
-11,-44,uNPqhW8qSQKDavg4DyC4yRFy40M=,WecCfvkKQbUciR9pPD9JxxW9Dfw=
-12,-44,uNPqhW8qSQKDavg4DyC4yRFy40M=,WecCfvkKQbUciR9pPD9JxxW9Dfw=
-13,-44,xPMQtY08P5EyiYpHNKREwL5VoPE=,WecCfvkKQbUciR9pPD9JxxW9Dfw=
-14,-44,xPMQtY08P5EyiYpHNKREwL5VoPE=,WecCfvkKQbUciR9pPD9JxxW9Dfw=
-15,-44,xPMQtY08P5EyiYpHNKREwL5VoPE=,WecCfvkKQbUciR9pPD9JxxW9Dfw=
-16,-44,xPMQtY08P5EyiYpHNKREwL5VoPE=,WecCfvkKQbUciR9pPD9JxxW9Dfw=
-9,-45,xPMQtY08P5EyiYpHNKREwL5VoPE=,WecCfvkKQbUciR9pPD9JxxW9Dfw=
-10,-45,xPMQtY08P5EyiYpHNKREwL5VoPE=,WecCfvkKQbUciR9pPD9JxxW9Dfw=
-11,-45,xPMQtY08P5EyiYpHNKREwL5VoPE=,WecCfvkKQbUciR9pPD9JxxW9Dfw=
-12,-45,xPMQtY08P5EyiYpHNKREwL5VoPE=,WecCfvkKQbUciR9pPD9JxxW9Dfw=
-14,-45,xPMQtY08P5EyiYpHNKREwL5VoPE=,WecCfvkKQbUciR9pPD9JxxW9Dfw=
-13,-45,xPMQtY08P5EyiYpHNKREwL5VoPE=,WecCfvkKQbUciR9pPD9JxxW9Dfw=
-15,-45,xPMQtY08P5EyiYpHNKREwL5VoPE=,WecCfvkKQbUciR9pPD9JxxW9Dfw=
-9,-46,xPMQtY08P5EyiYpHNKREwL5VoPE=,WecCfvkKQbUciR9pPD9JxxW9Dfw=
-16,-45,xPMQtY08P5EyiYpHNKREwL5VoPE=,WecCfvkKQbUciR9pPD9JxxW9Dfw=
-10,-46,xPMQtY08P5EyiYpHNKREwL5VoPE=,WecCfvkKQbUciR9pPD9JxxW9Dfw=
-11,-46,xPMQtY08P5EyiYpHNKREwL5VoPE=,WecCfvkKQbUciR9pPD9JxxW9Dfw=
-13,-46,xPMQtY08P5EyiYpHNKREwL5VoPE=,WecCfvkKQbUciR9pPD9JxxW9Dfw=
-14,-46,xPMQtY08P5EyiYpHNKREwL5VoPE=,WecCfvkKQbUciR9pPD9JxxW9Dfw=
-9,-47,xPMQtY08P5EyiYpHNKREwL5VoPE=,WecCfvkKQbUciR9pPD9JxxW9Dfw=
-12,-46,xPMQtY08P5EyiYpHNKREwL5VoPE=,WecCfvkKQbUciR9pPD9JxxW9Dfw=
-10,-47,xPMQtY08P5EyiYpHNKREwL5VoPE=,WecCfvkKQbUciR9pPD9JxxW9Dfw=
-16,-46,xPMQtY08P5EyiYpHNKREwL5VoPE=,WecCfvkKQbUciR9pPD9JxxW9Dfw=
-15,-46,xPMQtY08P5EyiYpHNKREwL5VoPE=,WecCfvkKQbUciR9pPD9JxxW9Dfw=
-12,-47,xPMQtY08P5EyiYpHNKREwL5VoPE=,WecCfvkKQbUciR9pPD9JxxW9Dfw=
-11,-47,xPMQtY08P5EyiYpHNKREwL5VoPE=,WecCfvkKQbUciR9pPD9JxxW9Dfw=
-13,-47,xPMQtY08P5EyiYpHNKREwL5VoPE=,WecCfvkKQbUciR9pPD9JxxW9Dfw=
-4,-34,xPMQtY08P5EyiYpHNKREwL5VoPE=,kGV0VLdIgIxtbSi4LM+gPe+/cco=
-16,-43,xPMQtY08P5EyiYpHNKREwL5VoPE=,WecCfvkKQbUciR9pPD9JxxW9Dfw=
-3,-34,xPMQtY08P5EyiYpHNKREwL5VoPE=,kGV0VLdIgIxtbSi4LM+gPe+/cco=
-3,-35,xPMQtY08P5EyiYpHNKREwL5VoPE=,kGV0VLdIgIxtbSi4LM+gPe+/cco=
-4,-35,xPMQtY08P5EyiYpHNKREwL5VoPE=,kGV0VLdIgIxtbSi4LM+gPe+/cco=
-1,-37,xPMQtY08P5EyiYpHNKREwL5VoPE=,kGV0VLdIgIxtbSi4LM+gPe+/cco=
-1,-36,xPMQtY08P5EyiYpHNKREwL5VoPE=,kGV0VLdIgIxtbSi4LM+gPe+/cco=
-2,-36,xPMQtY08P5EyiYpHNKREwL5VoPE=,kGV0VLdIgIxtbSi4LM+gPe+/cco=
-1,-34,xPMQtY08P5EyiYpHNKREwL5VoPE=,kGV0VLdIgIxtbSi4LM+gPe+/cco=
-2,-34,xPMQtY08P5EyiYpHNKREwL5VoPE=,kGV0VLdIgIxtbSi4LM+gPe+/cco=
-3,-36,xPMQtY08P5EyiYpHNKREwL5VoPE=,kGV0VLdIgIxtbSi4LM+gPe+/cco=
-5,-35,xPMQtY08P5EyiYpHNKREwL5VoPE=,kGV0VLdIgIxtbSi4LM+gPe+/cco=
-7,-38,xPMQtY08P5EyiYpHNKREwL5VoPE=,kGV0VLdIgIxtbSi4LM+gPe+/cco=
-4,-36,xPMQtY08P5EyiYpHNKREwL5VoPE=,kGV0VLdIgIxtbSi4LM+gPe+/cco=
-2,-37,xPMQtY08P5EyiYpHNKREwL5VoPE=,kGV0VLdIgIxtbSi4LM+gPe+/cco=
-1,-38,xPMQtY08P5EyiYpHNKREwL5VoPE=,kGV0VLdIgIxtbSi4LM+gPe+/cco=
-3,-37,xPMQtY08P5EyiYpHNKREwL5VoPE=,kGV0VLdIgIxtbSi4LM+gPe+/cco=
-2,-38,xPMQtY08P5EyiYpHNKREwL5VoPE=,kGV0VLdIgIxtbSi4LM+gPe+/cco=
-1,-35,xPMQtY08P5EyiYpHNKREwL5VoPE=,kGV0VLdIgIxtbSi4LM+gPe+/cco=
-3,-33,xPMQtY08P5EyiYpHNKREwL5VoPE=,kGV0VLdIgIxtbSi4LM+gPe+/cco=
-5,-40,xPMQtY08P5EyiYpHNKREwL5VoPE=,kGV0VLdIgIxtbSi4LM+gPe+/cco=
-4,-33,xPMQtY08P5EyiYpHNKREwL5VoPE=,kGV0VLdIgIxtbSi4LM+gPe+/cco=
-2,-33,xPMQtY08P5EyiYpHNKREwL5VoPE=,kGV0VLdIgIxtbSi4LM+gPe+/cco=
-1,-33,xPMQtY08P5EyiYpHNKREwL5VoPE=,kGV0VLdIgIxtbSi4LM+gPe+/cco=
-4,-40,xPMQtY08P5EyiYpHNKREwL5VoPE=,kGV0VLdIgIxtbSi4LM+gPe+/cco=
-16,-42,xPMQtY08P5EyiYpHNKREwL5VoPE=,WecCfvkKQbUciR9pPD9JxxW9Dfw=
-2,-35,xPMQtY08P5EyiYpHNKREwL5VoPE=,kGV0VLdIgIxtbSi4LM+gPe+/cco=
-6,-37,xPMQtY08P5EyiYpHNKREwL5VoPE=,kGV0VLdIgIxtbSi4LM+gPe+/cco=
-3,-40,xPMQtY08P5EyiYpHNKREwL5VoPE=,kGV0VLdIgIxtbSi4LM+gPe+/cco=
-2,-40,xPMQtY08P5EyiYpHNKREwL5VoPE=,kGV0VLdIgIxtbSi4LM+gPe+/cco=
-6,-38,xPMQtY08P5EyiYpHNKREwL5VoPE=,kGV0VLdIgIxtbSi4LM+gPe+/cco=
-1,-40,xPMQtY08P5EyiYpHNKREwL5VoPE=,kGV0VLdIgIxtbSi4LM+gPe+/cco=
-5,-34,xPMQtY08P5EyiYpHNKREwL5VoPE=,kGV0VLdIgIxtbSi4LM+gPe+/cco=
-6,-33,xPMQtY08P5EyiYpHNKREwL5VoPE=,kGV0VLdIgIxtbSi4LM+gPe+/cco=
-5,-33,xPMQtY08P5EyiYpHNKREwL5VoPE=,kGV0VLdIgIxtbSi4LM+gPe+/cco=
-7,-37,xPMQtY08P5EyiYpHNKREwL5VoPE=,kGV0VLdIgIxtbSi4LM+gPe+/cco=
-7,-33,xPMQtY08P5EyiYpHNKREwL5VoPE=,kGV0VLdIgIxtbSi4LM+gPe+/cco=
-5,-36,xPMQtY08P5EyiYpHNKREwL5VoPE=,kGV0VLdIgIxtbSi4LM+gPe+/cco=
-4,-37,xPMQtY08P5EyiYpHNKREwL5VoPE=,kGV0VLdIgIxtbSi4LM+gPe+/cco=
-4,-38,xPMQtY08P5EyiYpHNKREwL5VoPE=,kGV0VLdIgIxtbSi4LM+gPe+/cco=
-3,-38,xPMQtY08P5EyiYpHNKREwL5VoPE=,kGV0VLdIgIxtbSi4LM+gPe+/cco=
-6,-39,xPMQtY08P5EyiYpHNKREwL5VoPE=,kGV0VLdIgIxtbSi4LM+gPe+/cco=
-1,-39,xPMQtY08P5EyiYpHNKREwL5VoPE=,kGV0VLdIgIxtbSi4LM+gPe+/cco=
-2,-39,xPMQtY08P5EyiYpHNKREwL5VoPE=,kGV0VLdIgIxtbSi4LM+gPe+/cco=
-3,-39,xPMQtY08P5EyiYpHNKREwL5VoPE=,kGV0VLdIgIxtbSi4LM+gPe+/cco=
-7,-35,xPMQtY08P5EyiYpHNKREwL5VoPE=,kGV0VLdIgIxtbSi4LM+gPe+/cco=
-4,-39,xPMQtY08P5EyiYpHNKREwL5VoPE=,kGV0VLdIgIxtbSi4LM+gPe+/cco=
-7,-39,xPMQtY08P5EyiYpHNKREwL5VoPE=,kGV0VLdIgIxtbSi4LM+gPe+/cco=
-5,-39,xPMQtY08P5EyiYpHNKREwL5VoPE=,kGV0VLdIgIxtbSi4LM+gPe+/cco=
-6,-40,xPMQtY08P5EyiYpHNKREwL5VoPE=,kGV0VLdIgIxtbSi4LM+gPe+/cco=
-5,-38,xPMQtY08P5EyiYpHNKREwL5VoPE=,kGV0VLdIgIxtbSi4LM+gPe+/cco=
-6,-34,xPMQtY08P5EyiYpHNKREwL5VoPE=,kGV0VLdIgIxtbSi4LM+gPe+/cco=
-5,-37,xPMQtY08P5EyiYpHNKREwL5VoPE=,kGV0VLdIgIxtbSi4LM+gPe+/cco=
-6,-36,xPMQtY08P5EyiYpHNKREwL5VoPE=,kGV0VLdIgIxtbSi4LM+gPe+/cco=
-7,-40,xPMQtY08P5EyiYpHNKREwL5VoPE=,kGV0VLdIgIxtbSi4LM+gPe+/cco=
-6,-35,xPMQtY08P5EyiYpHNKREwL5VoPE=,kGV0VLdIgIxtbSi4LM+gPe+/cco=
-7,-34,xPMQtY08P5EyiYpHNKREwL5VoPE=,kGV0VLdIgIxtbSi4LM+gPe+/cco=
-7,-36,xPMQtY08P5EyiYpHNKREwL5VoPE=,kGV0VLdIgIxtbSi4LM+gPe+/cco=
-13,-41,xPMQtY08P5EyiYpHNKREwL5VoPE=,WecCfvkKQbUciR9pPD9JxxW9Dfw=
-14,-41,xPMQtY08P5EyiYpHNKREwL5VoPE=,WecCfvkKQbUciR9pPD9JxxW9Dfw=
-15,-41,xPMQtY08P5EyiYpHNKREwL5VoPE=,WecCfvkKQbUciR9pPD9JxxW9Dfw=
-15,-35,xPMQtY08P5EyiYpHNKREwL5VoPE=,+bGAp1LNvoAQtgAttSZ8ZSa3Sf4=
-16,-41,xPMQtY08P5EyiYpHNKREwL5VoPE=,WecCfvkKQbUciR9pPD9JxxW9Dfw=
-16,-35,xPMQtY08P5EyiYpHNKREwL5VoPE=,+bGAp1LNvoAQtgAttSZ8ZSa3Sf4=
-13,-35,xPMQtY08P5EyiYpHNKREwL5VoPE=,+bGAp1LNvoAQtgAttSZ8ZSa3Sf4=
-9,-36,xPMQtY08P5EyiYpHNKREwL5VoPE=,+bGAp1LNvoAQtgAttSZ8ZSa3Sf4=
-12,-36,xPMQtY08P5EyiYpHNKREwL5VoPE=,+bGAp1LNvoAQtgAttSZ8ZSa3Sf4=
-8,-37,xPMQtY08P5EyiYpHNKREwL5VoPE=,kGV0VLdIgIxtbSi4LM+gPe+/cco=
-14,-35,xPMQtY08P5EyiYpHNKREwL5VoPE=,+bGAp1LNvoAQtgAttSZ8ZSa3Sf4=
-9,-37,xPMQtY08P5EyiYpHNKREwL5VoPE=,+bGAp1LNvoAQtgAttSZ8ZSa3Sf4=
-12,-35,xPMQtY08P5EyiYpHNKREwL5VoPE=,+bGAp1LNvoAQtgAttSZ8ZSa3Sf4=
-10,-37,xPMQtY08P5EyiYpHNKREwL5VoPE=,+bGAp1LNvoAQtgAttSZ8ZSa3Sf4=
-12,-37,xPMQtY08P5EyiYpHNKREwL5VoPE=,+bGAp1LNvoAQtgAttSZ8ZSa3Sf4=
-8,-33,xPMQtY08P5EyiYpHNKREwL5VoPE=,kGV0VLdIgIxtbSi4LM+gPe+/cco=
-13,-37,xPMQtY08P5EyiYpHNKREwL5VoPE=,+bGAp1LNvoAQtgAttSZ8ZSa3Sf4=
-14,-36,xPMQtY08P5EyiYpHNKREwL5VoPE=,+bGAp1LNvoAQtgAttSZ8ZSa3Sf4=
-10,-38,xPMQtY08P5EyiYpHNKREwL5VoPE=,+bGAp1LNvoAQtgAttSZ8ZSa3Sf4=
-9,-38,xPMQtY08P5EyiYpHNKREwL5VoPE=,+bGAp1LNvoAQtgAttSZ8ZSa3Sf4=
-13,-36,xPMQtY08P5EyiYpHNKREwL5VoPE=,+bGAp1LNvoAQtgAttSZ8ZSa3Sf4=
-11,-38,xPMQtY08P5EyiYpHNKREwL5VoPE=,+bGAp1LNvoAQtgAttSZ8ZSa3Sf4=
-12,-38,xPMQtY08P5EyiYpHNKREwL5VoPE=,+bGAp1LNvoAQtgAttSZ8ZSa3Sf4=
-13,-38,xPMQtY08P5EyiYpHNKREwL5VoPE=,+bGAp1LNvoAQtgAttSZ8ZSa3Sf4=
-15,-38,xPMQtY08P5EyiYpHNKREwL5VoPE=,+bGAp1LNvoAQtgAttSZ8ZSa3Sf4=
-14,-38,xPMQtY08P5EyiYpHNKREwL5VoPE=,+bGAp1LNvoAQtgAttSZ8ZSa3Sf4=
-9,-39,xPMQtY08P5EyiYpHNKREwL5VoPE=,+bGAp1LNvoAQtgAttSZ8ZSa3Sf4=
-10,-39,xPMQtY08P5EyiYpHNKREwL5VoPE=,+bGAp1LNvoAQtgAttSZ8ZSa3Sf4=
-12,-39,xPMQtY08P5EyiYpHNKREwL5VoPE=,+bGAp1LNvoAQtgAttSZ8ZSa3Sf4=
-13,-39,xPMQtY08P5EyiYpHNKREwL5VoPE=,+bGAp1LNvoAQtgAttSZ8ZSa3Sf4=
-15,-36,xPMQtY08P5EyiYpHNKREwL5VoPE=,+bGAp1LNvoAQtgAttSZ8ZSa3Sf4=
-8,-38,xPMQtY08P5EyiYpHNKREwL5VoPE=,kGV0VLdIgIxtbSi4LM+gPe+/cco=
-16,-36,xPMQtY08P5EyiYpHNKREwL5VoPE=,+bGAp1LNvoAQtgAttSZ8ZSa3Sf4=
-15,-39,xPMQtY08P5EyiYpHNKREwL5VoPE=,+bGAp1LNvoAQtgAttSZ8ZSa3Sf4=
-11,-36,xPMQtY08P5EyiYpHNKREwL5VoPE=,+bGAp1LNvoAQtgAttSZ8ZSa3Sf4=
-14,-39,xPMQtY08P5EyiYpHNKREwL5VoPE=,+bGAp1LNvoAQtgAttSZ8ZSa3Sf4=
-14,-37,xPMQtY08P5EyiYpHNKREwL5VoPE=,+bGAp1LNvoAQtgAttSZ8ZSa3Sf4=
-11,-39,xPMQtY08P5EyiYpHNKREwL5VoPE=,+bGAp1LNvoAQtgAttSZ8ZSa3Sf4=
-15,-37,xPMQtY08P5EyiYpHNKREwL5VoPE=,+bGAp1LNvoAQtgAttSZ8ZSa3Sf4=
-11,-37,xPMQtY08P5EyiYpHNKREwL5VoPE=,+bGAp1LNvoAQtgAttSZ8ZSa3Sf4=
-9,-40,xPMQtY08P5EyiYpHNKREwL5VoPE=,+bGAp1LNvoAQtgAttSZ8ZSa3Sf4=
-11,-35,xPMQtY08P5EyiYpHNKREwL5VoPE=,+bGAp1LNvoAQtgAttSZ8ZSa3Sf4=
-16,-37,xPMQtY08P5EyiYpHNKREwL5VoPE=,+bGAp1LNvoAQtgAttSZ8ZSa3Sf4=
-10,-40,xPMQtY08P5EyiYpHNKREwL5VoPE=,+bGAp1LNvoAQtgAttSZ8ZSa3Sf4=
-11,-40,xPMQtY08P5EyiYpHNKREwL5VoPE=,+bGAp1LNvoAQtgAttSZ8ZSa3Sf4=
-9,-33,xPMQtY08P5EyiYpHNKREwL5VoPE=,+bGAp1LNvoAQtgAttSZ8ZSa3Sf4=
-12,-40,xPMQtY08P5EyiYpHNKREwL5VoPE=,+bGAp1LNvoAQtgAttSZ8ZSa3Sf4=
-10,-36,xPMQtY08P5EyiYpHNKREwL5VoPE=,+bGAp1LNvoAQtgAttSZ8ZSa3Sf4=
-13,-40,xPMQtY08P5EyiYpHNKREwL5VoPE=,+bGAp1LNvoAQtgAttSZ8ZSa3Sf4=
-14,-40,xPMQtY08P5EyiYpHNKREwL5VoPE=,+bGAp1LNvoAQtgAttSZ8ZSa3Sf4=
-11,-33,xPMQtY08P5EyiYpHNKREwL5VoPE=,+bGAp1LNvoAQtgAttSZ8ZSa3Sf4=
-8,-39,xPMQtY08P5EyiYpHNKREwL5VoPE=,kGV0VLdIgIxtbSi4LM+gPe+/cco=
-15,-40,xPMQtY08P5EyiYpHNKREwL5VoPE=,+bGAp1LNvoAQtgAttSZ8ZSa3Sf4=
-16,-38,xPMQtY08P5EyiYpHNKREwL5VoPE=,+bGAp1LNvoAQtgAttSZ8ZSa3Sf4=
-12,-33,xPMQtY08P5EyiYpHNKREwL5VoPE=,+bGAp1LNvoAQtgAttSZ8ZSa3Sf4=
-10,-33,xPMQtY08P5EyiYpHNKREwL5VoPE=,+bGAp1LNvoAQtgAttSZ8ZSa3Sf4=
-13,-33,xPMQtY08P5EyiYpHNKREwL5VoPE=,+bGAp1LNvoAQtgAttSZ8ZSa3Sf4=
-9,-41,xPMQtY08P5EyiYpHNKREwL5VoPE=,WecCfvkKQbUciR9pPD9JxxW9Dfw=
-14,-33,xPMQtY08P5EyiYpHNKREwL5VoPE=,+bGAp1LNvoAQtgAttSZ8ZSa3Sf4=
-16,-39,xPMQtY08P5EyiYpHNKREwL5VoPE=,+bGAp1LNvoAQtgAttSZ8ZSa3Sf4=
-10,-35,xPMQtY08P5EyiYpHNKREwL5VoPE=,+bGAp1LNvoAQtgAttSZ8ZSa3Sf4=
-12,-41,xPMQtY08P5EyiYpHNKREwL5VoPE=,WecCfvkKQbUciR9pPD9JxxW9Dfw=
-15,-33,xPMQtY08P5EyiYpHNKREwL5VoPE=,+bGAp1LNvoAQtgAttSZ8ZSa3Sf4=
-10,-34,xPMQtY08P5EyiYpHNKREwL5VoPE=,+bGAp1LNvoAQtgAttSZ8ZSa3Sf4=
-8,-36,xPMQtY08P5EyiYpHNKREwL5VoPE=,kGV0VLdIgIxtbSi4LM+gPe+/cco=
-9,-34,xPMQtY08P5EyiYpHNKREwL5VoPE=,+bGAp1LNvoAQtgAttSZ8ZSa3Sf4=
-10,-41,xPMQtY08P5EyiYpHNKREwL5VoPE=,WecCfvkKQbUciR9pPD9JxxW9Dfw=
-11,-41,xPMQtY08P5EyiYpHNKREwL5VoPE=,WecCfvkKQbUciR9pPD9JxxW9Dfw=
-8,-40,xPMQtY08P5EyiYpHNKREwL5VoPE=,kGV0VLdIgIxtbSi4LM+gPe+/cco=
-16,-40,xPMQtY08P5EyiYpHNKREwL5VoPE=,+bGAp1LNvoAQtgAttSZ8ZSa3Sf4=
-11,-34,xPMQtY08P5EyiYpHNKREwL5VoPE=,+bGAp1LNvoAQtgAttSZ8ZSa3Sf4=
-16,-33,xPMQtY08P5EyiYpHNKREwL5VoPE=,+bGAp1LNvoAQtgAttSZ8ZSa3Sf4=
-12,-34,xPMQtY08P5EyiYpHNKREwL5VoPE=,+bGAp1LNvoAQtgAttSZ8ZSa3Sf4=
-8,-35,xPMQtY08P5EyiYpHNKREwL5VoPE=,kGV0VLdIgIxtbSi4LM+gPe+/cco=
-13,-34,xPMQtY08P5EyiYpHNKREwL5VoPE=,+bGAp1LNvoAQtgAttSZ8ZSa3Sf4=
-8,-34,xPMQtY08P5EyiYpHNKREwL5VoPE=,kGV0VLdIgIxtbSi4LM+gPe+/cco=
-15,-34,xPMQtY08P5EyiYpHNKREwL5VoPE=,+bGAp1LNvoAQtgAttSZ8ZSa3Sf4=
-14,-34,xPMQtY08P5EyiYpHNKREwL5VoPE=,+bGAp1LNvoAQtgAttSZ8ZSa3Sf4=
-16,-34,xPMQtY08P5EyiYpHNKREwL5VoPE=,+bGAp1LNvoAQtgAttSZ8ZSa3Sf4=
-9,-35,xPMQtY08P5EyiYpHNKREwL5VoPE=,+bGAp1LNvoAQtgAttSZ8ZSa3Sf4=
-28,-43,Um3PJg40GG4J2rIEetSOl3ewYcU=,fydyOLfXfP+2t5lTR8zBa/kFoww=
-27,-43,Um3PJg40GG4J2rIEetSOl3ewYcU=,fydyOLfXfP+2t5lTR8zBa/kFoww=
-26,-43,Um3PJg40GG4J2rIEetSOl3ewYcU=,fydyOLfXfP+2t5lTR8zBa/kFoww=
-26,-44,Um3PJg40GG4J2rIEetSOl3ewYcU=,fydyOLfXfP+2t5lTR8zBa/kFoww=
-27,-44,Um3PJg40GG4J2rIEetSOl3ewYcU=,fydyOLfXfP+2t5lTR8zBa/kFoww=
-28,-44,Um3PJg40GG4J2rIEetSOl3ewYcU=,fydyOLfXfP+2t5lTR8zBa/kFoww=
-29,-44,Um3PJg40GG4J2rIEetSOl3ewYcU=,fydyOLfXfP+2t5lTR8zBa/kFoww=
-30,-44,Um3PJg40GG4J2rIEetSOl3ewYcU=,fydyOLfXfP+2t5lTR8zBa/kFoww=
-31,-44,Um3PJg40GG4J2rIEetSOl3ewYcU=,fydyOLfXfP+2t5lTR8zBa/kFoww=
-26,-45,Um3PJg40GG4J2rIEetSOl3ewYcU=,fydyOLfXfP+2t5lTR8zBa/kFoww=
-27,-45,Um3PJg40GG4J2rIEetSOl3ewYcU=,fydyOLfXfP+2t5lTR8zBa/kFoww=
-28,-45,Um3PJg40GG4J2rIEetSOl3ewYcU=,fydyOLfXfP+2t5lTR8zBa/kFoww=
-29,-43,Um3PJg40GG4J2rIEetSOl3ewYcU=,fydyOLfXfP+2t5lTR8zBa/kFoww=
-30,-43,Um3PJg40GG4J2rIEetSOl3ewYcU=,fydyOLfXfP+2t5lTR8zBa/kFoww=
-31,-43,Um3PJg40GG4J2rIEetSOl3ewYcU=,fydyOLfXfP+2t5lTR8zBa/kFoww=
-18,-34,Um3PJg40GG4J2rIEetSOl3ewYcU=,29nREWVfT4iKgFgy1DIPZP379Jg=
-23,-38,Um3PJg40GG4J2rIEetSOl3ewYcU=,29nREWVfT4iKgFgy1DIPZP379Jg=
-22,-38,Um3PJg40GG4J2rIEetSOl3ewYcU=,29nREWVfT4iKgFgy1DIPZP379Jg=
-21,-38,Um3PJg40GG4J2rIEetSOl3ewYcU=,29nREWVfT4iKgFgy1DIPZP379Jg=
-29,-45,Um3PJg40GG4J2rIEetSOl3ewYcU=,fydyOLfXfP+2t5lTR8zBa/kFoww=
-30,-45,Um3PJg40GG4J2rIEetSOl3ewYcU=,fydyOLfXfP+2t5lTR8zBa/kFoww=
-31,-45,Um3PJg40GG4J2rIEetSOl3ewYcU=,fydyOLfXfP+2t5lTR8zBa/kFoww=
-26,-46,Um3PJg40GG4J2rIEetSOl3ewYcU=,fydyOLfXfP+2t5lTR8zBa/kFoww=
-27,-46,Um3PJg40GG4J2rIEetSOl3ewYcU=,fydyOLfXfP+2t5lTR8zBa/kFoww=
-28,-46,Um3PJg40GG4J2rIEetSOl3ewYcU=,fydyOLfXfP+2t5lTR8zBa/kFoww=
-29,-46,Um3PJg40GG4J2rIEetSOl3ewYcU=,fydyOLfXfP+2t5lTR8zBa/kFoww=
-30,-46,Um3PJg40GG4J2rIEetSOl3ewYcU=,fydyOLfXfP+2t5lTR8zBa/kFoww=
-31,-46,Um3PJg40GG4J2rIEetSOl3ewYcU=,fydyOLfXfP+2t5lTR8zBa/kFoww=
-26,-47,Um3PJg40GG4J2rIEetSOl3ewYcU=,fydyOLfXfP+2t5lTR8zBa/kFoww=
-27,-47,Um3PJg40GG4J2rIEetSOl3ewYcU=,fydyOLfXfP+2t5lTR8zBa/kFoww=
-29,-47,Um3PJg40GG4J2rIEetSOl3ewYcU=,fydyOLfXfP+2t5lTR8zBa/kFoww=
-28,-47,Um3PJg40GG4J2rIEetSOl3ewYcU=,fydyOLfXfP+2t5lTR8zBa/kFoww=
-30,-47,Um3PJg40GG4J2rIEetSOl3ewYcU=,fydyOLfXfP+2t5lTR8zBa/kFoww=
-31,-47,Um3PJg40GG4J2rIEetSOl3ewYcU=,fydyOLfXfP+2t5lTR8zBa/kFoww=
-20,-38,Um3PJg40GG4J2rIEetSOl3ewYcU=,29nREWVfT4iKgFgy1DIPZP379Jg=
-26,-42,Um3PJg40GG4J2rIEetSOl3ewYcU=,fydyOLfXfP+2t5lTR8zBa/kFoww=
-30,-42,Um3PJg40GG4J2rIEetSOl3ewYcU=,fydyOLfXfP+2t5lTR8zBa/kFoww=
-19,-35,Um3PJg40GG4J2rIEetSOl3ewYcU=,29nREWVfT4iKgFgy1DIPZP379Jg=
-29,-42,Um3PJg40GG4J2rIEetSOl3ewYcU=,fydyOLfXfP+2t5lTR8zBa/kFoww=
-31,-42,Um3PJg40GG4J2rIEetSOl3ewYcU=,fydyOLfXfP+2t5lTR8zBa/kFoww=
-27,-42,Um3PJg40GG4J2rIEetSOl3ewYcU=,fydyOLfXfP+2t5lTR8zBa/kFoww=
-28,-42,Um3PJg40GG4J2rIEetSOl3ewYcU=,fydyOLfXfP+2t5lTR8zBa/kFoww=
-19,-38,Um3PJg40GG4J2rIEetSOl3ewYcU=,29nREWVfT4iKgFgy1DIPZP379Jg=
-19,-34,Um3PJg40GG4J2rIEetSOl3ewYcU=,29nREWVfT4iKgFgy1DIPZP379Jg=
-20,-34,Um3PJg40GG4J2rIEetSOl3ewYcU=,29nREWVfT4iKgFgy1DIPZP379Jg=
-22,-34,Um3PJg40GG4J2rIEetSOl3ewYcU=,29nREWVfT4iKgFgy1DIPZP379Jg=
-21,-34,Um3PJg40GG4J2rIEetSOl3ewYcU=,29nREWVfT4iKgFgy1DIPZP379Jg=
-23,-34,Um3PJg40GG4J2rIEetSOl3ewYcU=,29nREWVfT4iKgFgy1DIPZP379Jg=
-18,-38,Um3PJg40GG4J2rIEetSOl3ewYcU=,29nREWVfT4iKgFgy1DIPZP379Jg=
-18,-35,Um3PJg40GG4J2rIEetSOl3ewYcU=,29nREWVfT4iKgFgy1DIPZP379Jg=
-23,-39,Um3PJg40GG4J2rIEetSOl3ewYcU=,29nREWVfT4iKgFgy1DIPZP379Jg=
-18,-36,Um3PJg40GG4J2rIEetSOl3ewYcU=,29nREWVfT4iKgFgy1DIPZP379Jg=
-18,-39,Um3PJg40GG4J2rIEetSOl3ewYcU=,29nREWVfT4iKgFgy1DIPZP379Jg=
-19,-39,Um3PJg40GG4J2rIEetSOl3ewYcU=,29nREWVfT4iKgFgy1DIPZP379Jg=
-20,-39,Um3PJg40GG4J2rIEetSOl3ewYcU=,29nREWVfT4iKgFgy1DIPZP379Jg=
-19,-36,Um3PJg40GG4J2rIEetSOl3ewYcU=,29nREWVfT4iKgFgy1DIPZP379Jg=
-22,-35,Um3PJg40GG4J2rIEetSOl3ewYcU=,29nREWVfT4iKgFgy1DIPZP379Jg=
-19,-37,Um3PJg40GG4J2rIEetSOl3ewYcU=,29nREWVfT4iKgFgy1DIPZP379Jg=
-21,-39,Um3PJg40GG4J2rIEetSOl3ewYcU=,29nREWVfT4iKgFgy1DIPZP379Jg=
-20,-35,Um3PJg40GG4J2rIEetSOl3ewYcU=,29nREWVfT4iKgFgy1DIPZP379Jg=
-21,-35,Um3PJg40GG4J2rIEetSOl3ewYcU=,29nREWVfT4iKgFgy1DIPZP379Jg=
-23,-36,Um3PJg40GG4J2rIEetSOl3ewYcU=,29nREWVfT4iKgFgy1DIPZP379Jg=
-21,-37,Um3PJg40GG4J2rIEetSOl3ewYcU=,29nREWVfT4iKgFgy1DIPZP379Jg=
-23,-35,Um3PJg40GG4J2rIEetSOl3ewYcU=,29nREWVfT4iKgFgy1DIPZP379Jg=
-20,-37,Um3PJg40GG4J2rIEetSOl3ewYcU=,29nREWVfT4iKgFgy1DIPZP379Jg=
-24,-35,Um3PJg40GG4J2rIEetSOl3ewYcU=,29nREWVfT4iKgFgy1DIPZP379Jg=
-22,-37,Um3PJg40GG4J2rIEetSOl3ewYcU=,29nREWVfT4iKgFgy1DIPZP379Jg=
-18,-37,Um3PJg40GG4J2rIEetSOl3ewYcU=,29nREWVfT4iKgFgy1DIPZP379Jg=
-22,-39,Um3PJg40GG4J2rIEetSOl3ewYcU=,29nREWVfT4iKgFgy1DIPZP379Jg=
-23,-37,Um3PJg40GG4J2rIEetSOl3ewYcU=,29nREWVfT4iKgFgy1DIPZP379Jg=
-31,-37,Um3PJg40GG4J2rIEetSOl3ewYcU=,b/39iV9Fv4V0e2ORJWu7FeiBohQ=
-20,-36,Um3PJg40GG4J2rIEetSOl3ewYcU=,29nREWVfT4iKgFgy1DIPZP379Jg=
-29,-37,Um3PJg40GG4J2rIEetSOl3ewYcU=,b/39iV9Fv4V0e2ORJWu7FeiBohQ=
-21,-36,Um3PJg40GG4J2rIEetSOl3ewYcU=,29nREWVfT4iKgFgy1DIPZP379Jg=
-22,-36,Um3PJg40GG4J2rIEetSOl3ewYcU=,29nREWVfT4iKgFgy1DIPZP379Jg=
-30,-37,Um3PJg40GG4J2rIEetSOl3ewYcU=,b/39iV9Fv4V0e2ORJWu7FeiBohQ=
-24,-38,Um3PJg40GG4J2rIEetSOl3ewYcU=,29nREWVfT4iKgFgy1DIPZP379Jg=
-28,-37,Um3PJg40GG4J2rIEetSOl3ewYcU=,b/39iV9Fv4V0e2ORJWu7FeiBohQ=
-24,-34,Um3PJg40GG4J2rIEetSOl3ewYcU=,29nREWVfT4iKgFgy1DIPZP379Jg=
-25,-38,Um3PJg40GG4J2rIEetSOl3ewYcU=,b/39iV9Fv4V0e2ORJWu7FeiBohQ=
-24,-39,Um3PJg40GG4J2rIEetSOl3ewYcU=,29nREWVfT4iKgFgy1DIPZP379Jg=
-26,-38,Um3PJg40GG4J2rIEetSOl3ewYcU=,b/39iV9Fv4V0e2ORJWu7FeiBohQ=
-25,-39,Um3PJg40GG4J2rIEetSOl3ewYcU=,b/39iV9Fv4V0e2ORJWu7FeiBohQ=
-29,-38,Um3PJg40GG4J2rIEetSOl3ewYcU=,b/39iV9Fv4V0e2ORJWu7FeiBohQ=
-25,-34,Um3PJg40GG4J2rIEetSOl3ewYcU=,b/39iV9Fv4V0e2ORJWu7FeiBohQ=
-28,-38,Um3PJg40GG4J2rIEetSOl3ewYcU=,b/39iV9Fv4V0e2ORJWu7FeiBohQ=
-30,-38,Um3PJg40GG4J2rIEetSOl3ewYcU=,b/39iV9Fv4V0e2ORJWu7FeiBohQ=
-26,-39,Um3PJg40GG4J2rIEetSOl3ewYcU=,b/39iV9Fv4V0e2ORJWu7FeiBohQ=
-31,-38,Um3PJg40GG4J2rIEetSOl3ewYcU=,b/39iV9Fv4V0e2ORJWu7FeiBohQ=
-27,-38,Um3PJg40GG4J2rIEetSOl3ewYcU=,b/39iV9Fv4V0e2ORJWu7FeiBohQ=
-27,-39,Um3PJg40GG4J2rIEetSOl3ewYcU=,b/39iV9Fv4V0e2ORJWu7FeiBohQ=
-28,-39,Um3PJg40GG4J2rIEetSOl3ewYcU=,b/39iV9Fv4V0e2ORJWu7FeiBohQ=
-29,-39,Um3PJg40GG4J2rIEetSOl3ewYcU=,b/39iV9Fv4V0e2ORJWu7FeiBohQ=
-24,-36,Um3PJg40GG4J2rIEetSOl3ewYcU=,29nREWVfT4iKgFgy1DIPZP379Jg=
-30,-39,Um3PJg40GG4J2rIEetSOl3ewYcU=,b/39iV9Fv4V0e2ORJWu7FeiBohQ=
-31,-39,Um3PJg40GG4J2rIEetSOl3ewYcU=,b/39iV9Fv4V0e2ORJWu7FeiBohQ=
-26,-40,Um3PJg40GG4J2rIEetSOl3ewYcU=,b/39iV9Fv4V0e2ORJWu7FeiBohQ=
-26,-34,Um3PJg40GG4J2rIEetSOl3ewYcU=,b/39iV9Fv4V0e2ORJWu7FeiBohQ=
-27,-40,Um3PJg40GG4J2rIEetSOl3ewYcU=,b/39iV9Fv4V0e2ORJWu7FeiBohQ=
-30,-40,Um3PJg40GG4J2rIEetSOl3ewYcU=,b/39iV9Fv4V0e2ORJWu7FeiBohQ=
-28,-34,Um3PJg40GG4J2rIEetSOl3ewYcU=,b/39iV9Fv4V0e2ORJWu7FeiBohQ=
-29,-40,Um3PJg40GG4J2rIEetSOl3ewYcU=,b/39iV9Fv4V0e2ORJWu7FeiBohQ=
-27,-34,Um3PJg40GG4J2rIEetSOl3ewYcU=,b/39iV9Fv4V0e2ORJWu7FeiBohQ=
-28,-40,Um3PJg40GG4J2rIEetSOl3ewYcU=,b/39iV9Fv4V0e2ORJWu7FeiBohQ=
-31,-40,Um3PJg40GG4J2rIEetSOl3ewYcU=,b/39iV9Fv4V0e2ORJWu7FeiBohQ=
-26,-41,Um3PJg40GG4J2rIEetSOl3ewYcU=,fydyOLfXfP+2t5lTR8zBa/kFoww=
-27,-37,Um3PJg40GG4J2rIEetSOl3ewYcU=,b/39iV9Fv4V0e2ORJWu7FeiBohQ=
-27,-41,Um3PJg40GG4J2rIEetSOl3ewYcU=,fydyOLfXfP+2t5lTR8zBa/kFoww=
-25,-35,Um3PJg40GG4J2rIEetSOl3ewYcU=,b/39iV9Fv4V0e2ORJWu7FeiBohQ=
-30,-34,Um3PJg40GG4J2rIEetSOl3ewYcU=,b/39iV9Fv4V0e2ORJWu7FeiBohQ=
-31,-34,Um3PJg40GG4J2rIEetSOl3ewYcU=,b/39iV9Fv4V0e2ORJWu7FeiBohQ=
-26,-35,Um3PJg40GG4J2rIEetSOl3ewYcU=,b/39iV9Fv4V0e2ORJWu7FeiBohQ=
-29,-41,Um3PJg40GG4J2rIEetSOl3ewYcU=,fydyOLfXfP+2t5lTR8zBa/kFoww=
-27,-35,Um3PJg40GG4J2rIEetSOl3ewYcU=,b/39iV9Fv4V0e2ORJWu7FeiBohQ=
-30,-41,Um3PJg40GG4J2rIEetSOl3ewYcU=,fydyOLfXfP+2t5lTR8zBa/kFoww=
-31,-41,Um3PJg40GG4J2rIEetSOl3ewYcU=,fydyOLfXfP+2t5lTR8zBa/kFoww=
-29,-34,Um3PJg40GG4J2rIEetSOl3ewYcU=,b/39iV9Fv4V0e2ORJWu7FeiBohQ=
-26,-37,Um3PJg40GG4J2rIEetSOl3ewYcU=,b/39iV9Fv4V0e2ORJWu7FeiBohQ=
-29,-35,Um3PJg40GG4J2rIEetSOl3ewYcU=,b/39iV9Fv4V0e2ORJWu7FeiBohQ=
-30,-35,Um3PJg40GG4J2rIEetSOl3ewYcU=,b/39iV9Fv4V0e2ORJWu7FeiBohQ=
-25,-36,Um3PJg40GG4J2rIEetSOl3ewYcU=,b/39iV9Fv4V0e2ORJWu7FeiBohQ=
-28,-35,Um3PJg40GG4J2rIEetSOl3ewYcU=,b/39iV9Fv4V0e2ORJWu7FeiBohQ=
-27,-36,Um3PJg40GG4J2rIEetSOl3ewYcU=,b/39iV9Fv4V0e2ORJWu7FeiBohQ=
-31,-35,Um3PJg40GG4J2rIEetSOl3ewYcU=,b/39iV9Fv4V0e2ORJWu7FeiBohQ=
-28,-41,Um3PJg40GG4J2rIEetSOl3ewYcU=,fydyOLfXfP+2t5lTR8zBa/kFoww=
-24,-37,Um3PJg40GG4J2rIEetSOl3ewYcU=,29nREWVfT4iKgFgy1DIPZP379Jg=
-28,-36,Um3PJg40GG4J2rIEetSOl3ewYcU=,b/39iV9Fv4V0e2ORJWu7FeiBohQ=
-29,-36,Um3PJg40GG4J2rIEetSOl3ewYcU=,b/39iV9Fv4V0e2ORJWu7FeiBohQ=
-26,-36,Um3PJg40GG4J2rIEetSOl3ewYcU=,b/39iV9Fv4V0e2ORJWu7FeiBohQ=
-30,-36,Um3PJg40GG4J2rIEetSOl3ewYcU=,b/39iV9Fv4V0e2ORJWu7FeiBohQ=
-25,-44,Um3PJg40GG4J2rIEetSOl3ewYcU=,fydyOLfXfP+2t5lTR8zBa/kFoww=
-31,-36,Um3PJg40GG4J2rIEetSOl3ewYcU=,b/39iV9Fv4V0e2ORJWu7FeiBohQ=
-25,-45,Um3PJg40GG4J2rIEetSOl3ewYcU=,fydyOLfXfP+2t5lTR8zBa/kFoww=
-18,-43,Um3PJg40GG4J2rIEetSOl3ewYcU=,5z3RRNkT5F6ZZxX5hN8njOXRoP0=
-25,-37,Um3PJg40GG4J2rIEetSOl3ewYcU=,b/39iV9Fv4V0e2ORJWu7FeiBohQ=
-19,-43,Um3PJg40GG4J2rIEetSOl3ewYcU=,5z3RRNkT5F6ZZxX5hN8njOXRoP0=
-22,-42,Um3PJg40GG4J2rIEetSOl3ewYcU=,5z3RRNkT5F6ZZxX5hN8njOXRoP0=
-25,-46,Um3PJg40GG4J2rIEetSOl3ewYcU=,fydyOLfXfP+2t5lTR8zBa/kFoww=
-21,-42,Um3PJg40GG4J2rIEetSOl3ewYcU=,5z3RRNkT5F6ZZxX5hN8njOXRoP0=
-19,-42,Um3PJg40GG4J2rIEetSOl3ewYcU=,5z3RRNkT5F6ZZxX5hN8njOXRoP0=
-24,-42,Um3PJg40GG4J2rIEetSOl3ewYcU=,5z3RRNkT5F6ZZxX5hN8njOXRoP0=
-18,-42,Um3PJg40GG4J2rIEetSOl3ewYcU=,5z3RRNkT5F6ZZxX5hN8njOXRoP0=
-22,-41,Um3PJg40GG4J2rIEetSOl3ewYcU=,5z3RRNkT5F6ZZxX5hN8njOXRoP0=
-20,-42,Um3PJg40GG4J2rIEetSOl3ewYcU=,5z3RRNkT5F6ZZxX5hN8njOXRoP0=
-18,-44,Um3PJg40GG4J2rIEetSOl3ewYcU=,5z3RRNkT5F6ZZxX5hN8njOXRoP0=
-19,-44,Um3PJg40GG4J2rIEetSOl3ewYcU=,5z3RRNkT5F6ZZxX5hN8njOXRoP0=
-20,-44,Um3PJg40GG4J2rIEetSOl3ewYcU=,5z3RRNkT5F6ZZxX5hN8njOXRoP0=
-21,-41,Um3PJg40GG4J2rIEetSOl3ewYcU=,5z3RRNkT5F6ZZxX5hN8njOXRoP0=
-21,-44,Um3PJg40GG4J2rIEetSOl3ewYcU=,5z3RRNkT5F6ZZxX5hN8njOXRoP0=
-22,-44,Um3PJg40GG4J2rIEetSOl3ewYcU=,5z3RRNkT5F6ZZxX5hN8njOXRoP0=
-25,-47,Um3PJg40GG4J2rIEetSOl3ewYcU=,fydyOLfXfP+2t5lTR8zBa/kFoww=
-23,-44,Um3PJg40GG4J2rIEetSOl3ewYcU=,5z3RRNkT5F6ZZxX5hN8njOXRoP0=
-24,-44,Um3PJg40GG4J2rIEetSOl3ewYcU=,5z3RRNkT5F6ZZxX5hN8njOXRoP0=
-18,-45,Um3PJg40GG4J2rIEetSOl3ewYcU=,5z3RRNkT5F6ZZxX5hN8njOXRoP0=
-19,-45,Um3PJg40GG4J2rIEetSOl3ewYcU=,5z3RRNkT5F6ZZxX5hN8njOXRoP0=
-20,-45,Um3PJg40GG4J2rIEetSOl3ewYcU=,5z3RRNkT5F6ZZxX5hN8njOXRoP0=
-21,-45,Um3PJg40GG4J2rIEetSOl3ewYcU=,5z3RRNkT5F6ZZxX5hN8njOXRoP0=
-22,-45,Um3PJg40GG4J2rIEetSOl3ewYcU=,5z3RRNkT5F6ZZxX5hN8njOXRoP0=
-25,-40,Um3PJg40GG4J2rIEetSOl3ewYcU=,b/39iV9Fv4V0e2ORJWu7FeiBohQ=
-20,-41,Um3PJg40GG4J2rIEetSOl3ewYcU=,5z3RRNkT5F6ZZxX5hN8njOXRoP0=
-23,-42,Um3PJg40GG4J2rIEetSOl3ewYcU=,5z3RRNkT5F6ZZxX5hN8njOXRoP0=
-23,-45,Um3PJg40GG4J2rIEetSOl3ewYcU=,5z3RRNkT5F6ZZxX5hN8njOXRoP0=
-24,-41,Um3PJg40GG4J2rIEetSOl3ewYcU=,5z3RRNkT5F6ZZxX5hN8njOXRoP0=
-24,-45,Um3PJg40GG4J2rIEetSOl3ewYcU=,5z3RRNkT5F6ZZxX5hN8njOXRoP0=
-18,-46,Um3PJg40GG4J2rIEetSOl3ewYcU=,5z3RRNkT5F6ZZxX5hN8njOXRoP0=
-23,-41,Um3PJg40GG4J2rIEetSOl3ewYcU=,5z3RRNkT5F6ZZxX5hN8njOXRoP0=
-20,-46,Um3PJg40GG4J2rIEetSOl3ewYcU=,5z3RRNkT5F6ZZxX5hN8njOXRoP0=
-21,-46,Um3PJg40GG4J2rIEetSOl3ewYcU=,5z3RRNkT5F6ZZxX5hN8njOXRoP0=
-22,-46,Um3PJg40GG4J2rIEetSOl3ewYcU=,5z3RRNkT5F6ZZxX5hN8njOXRoP0=
-24,-46,Um3PJg40GG4J2rIEetSOl3ewYcU=,5z3RRNkT5F6ZZxX5hN8njOXRoP0=
-23,-46,Um3PJg40GG4J2rIEetSOl3ewYcU=,5z3RRNkT5F6ZZxX5hN8njOXRoP0=
-18,-47,Um3PJg40GG4J2rIEetSOl3ewYcU=,5z3RRNkT5F6ZZxX5hN8njOXRoP0=
-21,-43,Um3PJg40GG4J2rIEetSOl3ewYcU=,5z3RRNkT5F6ZZxX5hN8njOXRoP0=
-19,-47,Um3PJg40GG4J2rIEetSOl3ewYcU=,5z3RRNkT5F6ZZxX5hN8njOXRoP0=
-19,-46,Um3PJg40GG4J2rIEetSOl3ewYcU=,5z3RRNkT5F6ZZxX5hN8njOXRoP0=
-20,-47,Um3PJg40GG4J2rIEetSOl3ewYcU=,5z3RRNkT5F6ZZxX5hN8njOXRoP0=
-21,-47,Um3PJg40GG4J2rIEetSOl3ewYcU=,5z3RRNkT5F6ZZxX5hN8njOXRoP0=
-22,-47,Um3PJg40GG4J2rIEetSOl3ewYcU=,5z3RRNkT5F6ZZxX5hN8njOXRoP0=
-23,-47,Um3PJg40GG4J2rIEetSOl3ewYcU=,5z3RRNkT5F6ZZxX5hN8njOXRoP0=
-22,-43,Um3PJg40GG4J2rIEetSOl3ewYcU=,5z3RRNkT5F6ZZxX5hN8njOXRoP0=
-24,-47,Um3PJg40GG4J2rIEetSOl3ewYcU=,5z3RRNkT5F6ZZxX5hN8njOXRoP0=
-23,-43,Um3PJg40GG4J2rIEetSOl3ewYcU=,5z3RRNkT5F6ZZxX5hN8njOXRoP0=
-20,-43,Um3PJg40GG4J2rIEetSOl3ewYcU=,5z3RRNkT5F6ZZxX5hN8njOXRoP0=
-25,-41,Um3PJg40GG4J2rIEetSOl3ewYcU=,fydyOLfXfP+2t5lTR8zBa/kFoww=
-24,-43,Um3PJg40GG4J2rIEetSOl3ewYcU=,5z3RRNkT5F6ZZxX5hN8njOXRoP0=
-18,-40,Um3PJg40GG4J2rIEetSOl3ewYcU=,29nREWVfT4iKgFgy1DIPZP379Jg=
-25,-42,Um3PJg40GG4J2rIEetSOl3ewYcU=,fydyOLfXfP+2t5lTR8zBa/kFoww=
-22,-40,Um3PJg40GG4J2rIEetSOl3ewYcU=,29nREWVfT4iKgFgy1DIPZP379Jg=
-19,-41,Um3PJg40GG4J2rIEetSOl3ewYcU=,5z3RRNkT5F6ZZxX5hN8njOXRoP0=
-21,-40,Um3PJg40GG4J2rIEetSOl3ewYcU=,29nREWVfT4iKgFgy1DIPZP379Jg=
-25,-43,Um3PJg40GG4J2rIEetSOl3ewYcU=,fydyOLfXfP+2t5lTR8zBa/kFoww=
-24,-40,Um3PJg40GG4J2rIEetSOl3ewYcU=,29nREWVfT4iKgFgy1DIPZP379Jg=
-19,-40,Um3PJg40GG4J2rIEetSOl3ewYcU=,29nREWVfT4iKgFgy1DIPZP379Jg=
-18,-41,Um3PJg40GG4J2rIEetSOl3ewYcU=,5z3RRNkT5F6ZZxX5hN8njOXRoP0=
-23,-40,Um3PJg40GG4J2rIEetSOl3ewYcU=,29nREWVfT4iKgFgy1DIPZP379Jg=
-20,-40,Um3PJg40GG4J2rIEetSOl3ewYcU=,29nREWVfT4iKgFgy1DIPZP379Jg=
-32,-44,Um3PJg40GG4J2rIEetSOl3ewYcU=,fydyOLfXfP+2t5lTR8zBa/kFoww=
-32,-45,Um3PJg40GG4J2rIEetSOl3ewYcU=,fydyOLfXfP+2t5lTR8zBa/kFoww=
-32,-46,Um3PJg40GG4J2rIEetSOl3ewYcU=,fydyOLfXfP+2t5lTR8zBa/kFoww=
-32,-47,Um3PJg40GG4J2rIEetSOl3ewYcU=,fydyOLfXfP+2t5lTR8zBa/kFoww=
-32,-42,Um3PJg40GG4J2rIEetSOl3ewYcU=,fydyOLfXfP+2t5lTR8zBa/kFoww=
-26,-33,Um3PJg40GG4J2rIEetSOl3ewYcU=,b/39iV9Fv4V0e2ORJWu7FeiBohQ=
-29,-33,Um3PJg40GG4J2rIEetSOl3ewYcU=,b/39iV9Fv4V0e2ORJWu7FeiBohQ=
-24,-33,Um3PJg40GG4J2rIEetSOl3ewYcU=,29nREWVfT4iKgFgy1DIPZP379Jg=
-27,-33,Um3PJg40GG4J2rIEetSOl3ewYcU=,b/39iV9Fv4V0e2ORJWu7FeiBohQ=
-28,-33,Um3PJg40GG4J2rIEetSOl3ewYcU=,b/39iV9Fv4V0e2ORJWu7FeiBohQ=
-25,-33,Um3PJg40GG4J2rIEetSOl3ewYcU=,b/39iV9Fv4V0e2ORJWu7FeiBohQ=
-22,-33,Um3PJg40GG4J2rIEetSOl3ewYcU=,29nREWVfT4iKgFgy1DIPZP379Jg=
-20,-33,Um3PJg40GG4J2rIEetSOl3ewYcU=,29nREWVfT4iKgFgy1DIPZP379Jg=
-30,-33,Um3PJg40GG4J2rIEetSOl3ewYcU=,b/39iV9Fv4V0e2ORJWu7FeiBohQ=
-31,-33,Um3PJg40GG4J2rIEetSOl3ewYcU=,b/39iV9Fv4V0e2ORJWu7FeiBohQ=
-32,-43,Um3PJg40GG4J2rIEetSOl3ewYcU=,fydyOLfXfP+2t5lTR8zBa/kFoww=
-23,-33,Um3PJg40GG4J2rIEetSOl3ewYcU=,29nREWVfT4iKgFgy1DIPZP379Jg=
-18,-33,Um3PJg40GG4J2rIEetSOl3ewYcU=,29nREWVfT4iKgFgy1DIPZP379Jg=
-19,-33,Um3PJg40GG4J2rIEetSOl3ewYcU=,29nREWVfT4iKgFgy1DIPZP379Jg=
-32,-41,Um3PJg40GG4J2rIEetSOl3ewYcU=,fydyOLfXfP+2t5lTR8zBa/kFoww=
-21,-33,Um3PJg40GG4J2rIEetSOl3ewYcU=,29nREWVfT4iKgFgy1DIPZP379Jg=
-32,-38,Um3PJg40GG4J2rIEetSOl3ewYcU=,b/39iV9Fv4V0e2ORJWu7FeiBohQ=
-32,-36,Um3PJg40GG4J2rIEetSOl3ewYcU=,b/39iV9Fv4V0e2ORJWu7FeiBohQ=
-32,-40,Um3PJg40GG4J2rIEetSOl3ewYcU=,b/39iV9Fv4V0e2ORJWu7FeiBohQ=
-32,-37,Um3PJg40GG4J2rIEetSOl3ewYcU=,b/39iV9Fv4V0e2ORJWu7FeiBohQ=
-32,-39,Um3PJg40GG4J2rIEetSOl3ewYcU=,b/39iV9Fv4V0e2ORJWu7FeiBohQ=
-32,-35,Um3PJg40GG4J2rIEetSOl3ewYcU=,b/39iV9Fv4V0e2ORJWu7FeiBohQ=
-32,-34,Um3PJg40GG4J2rIEetSOl3ewYcU=,b/39iV9Fv4V0e2ORJWu7FeiBohQ=
-18,-48,Um3PJg40GG4J2rIEetSOl3ewYcU=,5z3RRNkT5F6ZZxX5hN8njOXRoP0=
-22,-48,Um3PJg40GG4J2rIEetSOl3ewYcU=,5z3RRNkT5F6ZZxX5hN8njOXRoP0=
-21,-48,Um3PJg40GG4J2rIEetSOl3ewYcU=,5z3RRNkT5F6ZZxX5hN8njOXRoP0=
-19,-48,Um3PJg40GG4J2rIEetSOl3ewYcU=,5z3RRNkT5F6ZZxX5hN8njOXRoP0=
-25,-48,Um3PJg40GG4J2rIEetSOl3ewYcU=,fydyOLfXfP+2t5lTR8zBa/kFoww=
-23,-48,Um3PJg40GG4J2rIEetSOl3ewYcU=,5z3RRNkT5F6ZZxX5hN8njOXRoP0=
-20,-48,Um3PJg40GG4J2rIEetSOl3ewYcU=,5z3RRNkT5F6ZZxX5hN8njOXRoP0=
-27,-48,Um3PJg40GG4J2rIEetSOl3ewYcU=,fydyOLfXfP+2t5lTR8zBa/kFoww=
-24,-48,Um3PJg40GG4J2rIEetSOl3ewYcU=,5z3RRNkT5F6ZZxX5hN8njOXRoP0=
-26,-48,Um3PJg40GG4J2rIEetSOl3ewYcU=,fydyOLfXfP+2t5lTR8zBa/kFoww=
-28,-48,Um3PJg40GG4J2rIEetSOl3ewYcU=,fydyOLfXfP+2t5lTR8zBa/kFoww=
-31,-48,Um3PJg40GG4J2rIEetSOl3ewYcU=,fydyOLfXfP+2t5lTR8zBa/kFoww=
-17,-46,Um3PJg40GG4J2rIEetSOl3ewYcU=,5z3RRNkT5F6ZZxX5hN8njOXRoP0=
-17,-43,Um3PJg40GG4J2rIEetSOl3ewYcU=,5z3RRNkT5F6ZZxX5hN8njOXRoP0=
-29,-48,Um3PJg40GG4J2rIEetSOl3ewYcU=,fydyOLfXfP+2t5lTR8zBa/kFoww=
-17,-42,Um3PJg40GG4J2rIEetSOl3ewYcU=,5z3RRNkT5F6ZZxX5hN8njOXRoP0=
-30,-48,Um3PJg40GG4J2rIEetSOl3ewYcU=,fydyOLfXfP+2t5lTR8zBa/kFoww=
-17,-37,Um3PJg40GG4J2rIEetSOl3ewYcU=,29nREWVfT4iKgFgy1DIPZP379Jg=
-17,-47,Um3PJg40GG4J2rIEetSOl3ewYcU=,5z3RRNkT5F6ZZxX5hN8njOXRoP0=
-17,-45,Um3PJg40GG4J2rIEetSOl3ewYcU=,5z3RRNkT5F6ZZxX5hN8njOXRoP0=
-17,-44,Um3PJg40GG4J2rIEetSOl3ewYcU=,5z3RRNkT5F6ZZxX5hN8njOXRoP0=
-17,-35,Um3PJg40GG4J2rIEetSOl3ewYcU=,29nREWVfT4iKgFgy1DIPZP379Jg=
-17,-41,Um3PJg40GG4J2rIEetSOl3ewYcU=,5z3RRNkT5F6ZZxX5hN8njOXRoP0=
-17,-36,Um3PJg40GG4J2rIEetSOl3ewYcU=,29nREWVfT4iKgFgy1DIPZP379Jg=
-17,-39,Um3PJg40GG4J2rIEetSOl3ewYcU=,29nREWVfT4iKgFgy1DIPZP379Jg=
-17,-38,Um3PJg40GG4J2rIEetSOl3ewYcU=,29nREWVfT4iKgFgy1DIPZP379Jg=
-17,-40,Um3PJg40GG4J2rIEetSOl3ewYcU=,29nREWVfT4iKgFgy1DIPZP379Jg=
-17,-34,Um3PJg40GG4J2rIEetSOl3ewYcU=,29nREWVfT4iKgFgy1DIPZP379Jg=
-17,-48,Um3PJg40GG4J2rIEetSOl3ewYcU=,5z3RRNkT5F6ZZxX5hN8njOXRoP0=
-32,-48,Um3PJg40GG4J2rIEetSOl3ewYcU=,fydyOLfXfP+2t5lTR8zBa/kFoww=
-32,-33,Um3PJg40GG4J2rIEetSOl3ewYcU=,b/39iV9Fv4V0e2ORJWu7FeiBohQ=
-17,-33,Um3PJg40GG4J2rIEetSOl3ewYcU=,29nREWVfT4iKgFgy1DIPZP379Jg=
