12,-19,SBtroHdfsyYdAGlYdgQzE6R1+0c=,PUU5sCISRNxBdq7pY/iCiiBM/NE=
14,-20,SBtroHdfsyYdAGlYdgQzE6R1+0c=,PUU5sCISRNxBdq7pY/iCiiBM/NE=
11,-19,SBtroHdfsyYdAGlYdgQzE6R1+0c=,PUU5sCISRNxBdq7pY/iCiiBM/NE=
10,-19,SBtroHdfsyYdAGlYdgQzE6R1+0c=,PUU5sCISRNxBdq7pY/iCiiBM/NE=
10,-17,SBtroHdfsyYdAGlYdgQzE6R1+0c=,PUU5sCISRNxBdq7pY/iCiiBM/NE=
9,-19,SBtroHdfsyYdAGlYdgQzE6R1+0c=,PUU5sCISRNxBdq7pY/iCiiBM/NE=
9,-17,SBtroHdfsyYdAGlYdgQzE6R1+0c=,PUU5sCISRNxBdq7pY/iCiiBM/NE=
11,-17,SBtroHdfsyYdAGlYdgQzE6R1+0c=,PUU5sCISRNxBdq7pY/iCiiBM/NE=
12,-17,SBtroHdfsyYdAGlYdgQzE6R1+0c=,PUU5sCISRNxBdq7pY/iCiiBM/NE=
12,-20,SBtroHdfsyYdAGlYdgQzE6R1+0c=,PUU5sCISRNxBdq7pY/iCiiBM/NE=
13,-20,SBtroHdfsyYdAGlYdgQzE6R1+0c=,PUU5sCISRNxBdq7pY/iCiiBM/NE=
13,-17,SBtroHdfsyYdAGlYdgQzE6R1+0c=,PUU5sCISRNxBdq7pY/iCiiBM/NE=
11,-20,SBtroHdfsyYdAGlYdgQzE6R1+0c=,PUU5sCISRNxBdq7pY/iCiiBM/NE=
14,-17,SBtroHdfsyYdAGlYdgQzE6R1+0c=,PUU5sCISRNxBdq7pY/iCiiBM/NE=
9,-20,SBtroHdfsyYdAGlYdgQzE6R1+0c=,PUU5sCISRNxBdq7pY/iCiiBM/NE=
10,-20,SBtroHdfsyYdAGlYdgQzE6R1+0c=,PUU5sCISRNxBdq7pY/iCiiBM/NE=
12,-21,SBtroHdfsyYdAGlYdgQzE6R1+0c=,PUU5sCISRNxBdq7pY/iCiiBM/NE=
13,-21,SBtroHdfsyYdAGlYdgQzE6R1+0c=,PUU5sCISRNxBdq7pY/iCiiBM/NE=
14,-21,SBtroHdfsyYdAGlYdgQzE6R1+0c=,PUU5sCISRNxBdq7pY/iCiiBM/NE=
11,-21,SBtroHdfsyYdAGlYdgQzE6R1+0c=,PUU5sCISRNxBdq7pY/iCiiBM/NE=
10,-21,SBtroHdfsyYdAGlYdgQzE6R1+0c=,PUU5sCISRNxBdq7pY/iCiiBM/NE=
14,-22,SBtroHdfsyYdAGlYdgQzE6R1+0c=,PUU5sCISRNxBdq7pY/iCiiBM/NE=
13,-22,SBtroHdfsyYdAGlYdgQzE6R1+0c=,PUU5sCISRNxBdq7pY/iCiiBM/NE=
12,-22,SBtroHdfsyYdAGlYdgQzE6R1+0c=,PUU5sCISRNxBdq7pY/iCiiBM/NE=
9,-21,SBtroHdfsyYdAGlYdgQzE6R1+0c=,PUU5sCISRNxBdq7pY/iCiiBM/NE=
11,-22,SBtroHdfsyYdAGlYdgQzE6R1+0c=,PUU5sCISRNxBdq7pY/iCiiBM/NE=
14,-23,SBtroHdfsyYdAGlYdgQzE6R1+0c=,PUU5sCISRNxBdq7pY/iCiiBM/NE=
13,-23,SBtroHdfsyYdAGlYdgQzE6R1+0c=,PUU5sCISRNxBdq7pY/iCiiBM/NE=
11,-23,SBtroHdfsyYdAGlYdgQzE6R1+0c=,PUU5sCISRNxBdq7pY/iCiiBM/NE=
10,-22,SBtroHdfsyYdAGlYdgQzE6R1+0c=,PUU5sCISRNxBdq7pY/iCiiBM/NE=
9,-22,SBtroHdfsyYdAGlYdgQzE6R1+0c=,PUU5sCISRNxBdq7pY/iCiiBM/NE=
14,-18,SBtroHdfsyYdAGlYdgQzE6R1+0c=,PUU5sCISRNxBdq7pY/iCiiBM/NE=
12,-23,SBtroHdfsyYdAGlYdgQzE6R1+0c=,PUU5sCISRNxBdq7pY/iCiiBM/NE=
13,-18,SBtroHdfsyYdAGlYdgQzE6R1+0c=,PUU5sCISRNxBdq7pY/iCiiBM/NE=
10,-23,SBtroHdfsyYdAGlYdgQzE6R1+0c=,PUU5sCISRNxBdq7pY/iCiiBM/NE=
11,-18,SBtroHdfsyYdAGlYdgQzE6R1+0c=,PUU5sCISRNxBdq7pY/iCiiBM/NE=
10,-18,SBtroHdfsyYdAGlYdgQzE6R1+0c=,PUU5sCISRNxBdq7pY/iCiiBM/NE=
9,-23,SBtroHdfsyYdAGlYdgQzE6R1+0c=,PUU5sCISRNxBdq7pY/iCiiBM/NE=
12,-18,SBtroHdfsyYdAGlYdgQzE6R1+0c=,PUU5sCISRNxBdq7pY/iCiiBM/NE=
13,-24,SBtroHdfsyYdAGlYdgQzE6R1+0c=,PUU5sCISRNxBdq7pY/iCiiBM/NE=
14,-24,SBtroHdfsyYdAGlYdgQzE6R1+0c=,PUU5sCISRNxBdq7pY/iCiiBM/NE=
12,-24,SBtroHdfsyYdAGlYdgQzE6R1+0c=,PUU5sCISRNxBdq7pY/iCiiBM/NE=
11,-24,SBtroHdfsyYdAGlYdgQzE6R1+0c=,PUU5sCISRNxBdq7pY/iCiiBM/NE=
9,-18,SBtroHdfsyYdAGlYdgQzE6R1+0c=,PUU5sCISRNxBdq7pY/iCiiBM/NE=
10,-24,SBtroHdfsyYdAGlYdgQzE6R1+0c=,PUU5sCISRNxBdq7pY/iCiiBM/NE=
14,-19,SBtroHdfsyYdAGlYdgQzE6R1+0c=,PUU5sCISRNxBdq7pY/iCiiBM/NE=
13,-19,SBtroHdfsyYdAGlYdgQzE6R1+0c=,PUU5sCISRNxBdq7pY/iCiiBM/NE=
4,-29,SBtroHdfsyYdAGlYdgQzE6R1+0c=,NxVOv7GsCP9RP4GiXUmyqbukcEA=
9,-24,SBtroHdfsyYdAGlYdgQzE6R1+0c=,PUU5sCISRNxBdq7pY/iCiiBM/NE=
6,-30,SBtroHdfsyYdAGlYdgQzE6R1+0c=,NxVOv7GsCP9RP4GiXUmyqbukcEA=
7,-30,SBtroHdfsyYdAGlYdgQzE6R1+0c=,NxVOv7GsCP9RP4GiXUmyqbukcEA=
0,-29,SBtroHdfsyYdAGlYdgQzE6R1+0c=,NxVOv7GsCP9RP4GiXUmyqbukcEA=
5,-29,SBtroHdfsyYdAGlYdgQzE6R1+0c=,NxVOv7GsCP9RP4GiXUmyqbukcEA=
2,-31,SBtroHdfsyYdAGlYdgQzE6R1+0c=,NxVOv7GsCP9RP4GiXUmyqbukcEA=
7,-29,SBtroHdfsyYdAGlYdgQzE6R1+0c=,NxVOv7GsCP9RP4GiXUmyqbukcEA=
0,-28,SBtroHdfsyYdAGlYdgQzE6R1+0c=,NxVOv7GsCP9RP4GiXUmyqbukcEA=
1,-28,SBtroHdfsyYdAGlYdgQzE6R1+0c=,NxVOv7GsCP9RP4GiXUmyqbukcEA=
6,-29,SBtroHdfsyYdAGlYdgQzE6R1+0c=,NxVOv7GsCP9RP4GiXUmyqbukcEA=
2,-28,SBtroHdfsyYdAGlYdgQzE6R1+0c=,NxVOv7GsCP9RP4GiXUmyqbukcEA=
4,-28,SBtroHdfsyYdAGlYdgQzE6R1+0c=,NxVOv7GsCP9RP4GiXUmyqbukcEA=
3,-28,SBtroHdfsyYdAGlYdgQzE6R1+0c=,NxVOv7GsCP9RP4GiXUmyqbukcEA=
5,-28,SBtroHdfsyYdAGlYdgQzE6R1+0c=,NxVOv7GsCP9RP4GiXUmyqbukcEA=
0,-30,SBtroHdfsyYdAGlYdgQzE6R1+0c=,NxVOv7GsCP9RP4GiXUmyqbukcEA=
3,-29,SBtroHdfsyYdAGlYdgQzE6R1+0c=,NxVOv7GsCP9RP4GiXUmyqbukcEA=
3,-31,SBtroHdfsyYdAGlYdgQzE6R1+0c=,NxVOv7GsCP9RP4GiXUmyqbukcEA=
6,-28,SBtroHdfsyYdAGlYdgQzE6R1+0c=,NxVOv7GsCP9RP4GiXUmyqbukcEA=
7,-28,SBtroHdfsyYdAGlYdgQzE6R1+0c=,NxVOv7GsCP9RP4GiXUmyqbukcEA=
5,-30,SBtroHdfsyYdAGlYdgQzE6R1+0c=,NxVOv7GsCP9RP4GiXUmyqbukcEA=
4,-30,SBtroHdfsyYdAGlYdgQzE6R1+0c=,NxVOv7GsCP9RP4GiXUmyqbukcEA=
0,-27,SBtroHdfsyYdAGlYdgQzE6R1+0c=,NxVOv7GsCP9RP4GiXUmyqbukcEA=
7,-31,SBtroHdfsyYdAGlYdgQzE6R1+0c=,NxVOv7GsCP9RP4GiXUmyqbukcEA=
4,-31,SBtroHdfsyYdAGlYdgQzE6R1+0c=,NxVOv7GsCP9RP4GiXUmyqbukcEA=
1,-27,SBtroHdfsyYdAGlYdgQzE6R1+0c=,NxVOv7GsCP9RP4GiXUmyqbukcEA=
1,-29,SBtroHdfsyYdAGlYdgQzE6R1+0c=,NxVOv7GsCP9RP4GiXUmyqbukcEA=
2,-29,SBtroHdfsyYdAGlYdgQzE6R1+0c=,NxVOv7GsCP9RP4GiXUmyqbukcEA=
3,-27,SBtroHdfsyYdAGlYdgQzE6R1+0c=,NxVOv7GsCP9RP4GiXUmyqbukcEA=
2,-27,SBtroHdfsyYdAGlYdgQzE6R1+0c=,NxVOv7GsCP9RP4GiXUmyqbukcEA=
3,-30,SBtroHdfsyYdAGlYdgQzE6R1+0c=,NxVOv7GsCP9RP4GiXUmyqbukcEA=
4,-27,SBtroHdfsyYdAGlYdgQzE6R1+0c=,NxVOv7GsCP9RP4GiXUmyqbukcEA=
1,-31,SBtroHdfsyYdAGlYdgQzE6R1+0c=,NxVOv7GsCP9RP4GiXUmyqbukcEA=
7,-26,SBtroHdfsyYdAGlYdgQzE6R1+0c=,NxVOv7GsCP9RP4GiXUmyqbukcEA=
6,-31,SBtroHdfsyYdAGlYdgQzE6R1+0c=,NxVOv7GsCP9RP4GiXUmyqbukcEA=
5,-27,SBtroHdfsyYdAGlYdgQzE6R1+0c=,NxVOv7GsCP9RP4GiXUmyqbukcEA=
6,-26,SBtroHdfsyYdAGlYdgQzE6R1+0c=,NxVOv7GsCP9RP4GiXUmyqbukcEA=
2,-30,SBtroHdfsyYdAGlYdgQzE6R1+0c=,NxVOv7GsCP9RP4GiXUmyqbukcEA=
5,-26,SBtroHdfsyYdAGlYdgQzE6R1+0c=,NxVOv7GsCP9RP4GiXUmyqbukcEA=
6,-27,SBtroHdfsyYdAGlYdgQzE6R1+0c=,NxVOv7GsCP9RP4GiXUmyqbukcEA=
5,-31,SBtroHdfsyYdAGlYdgQzE6R1+0c=,NxVOv7GsCP9RP4GiXUmyqbukcEA=
7,-27,SBtroHdfsyYdAGlYdgQzE6R1+0c=,NxVOv7GsCP9RP4GiXUmyqbukcEA=
0,-31,SBtroHdfsyYdAGlYdgQzE6R1+0c=,NxVOv7GsCP9RP4GiXUmyqbukcEA=
4,-26,SBtroHdfsyYdAGlYdgQzE6R1+0c=,NxVOv7GsCP9RP4GiXUmyqbukcEA=
0,-26,SBtroHdfsyYdAGlYdgQzE6R1+0c=,NxVOv7GsCP9RP4GiXUmyqbukcEA=
3,-26,SBtroHdfsyYdAGlYdgQzE6R1+0c=,NxVOv7GsCP9RP4GiXUmyqbukcEA=
1,-26,SBtroHdfsyYdAGlYdgQzE6R1+0c=,NxVOv7GsCP9RP4GiXUmyqbukcEA=
1,-30,SBtroHdfsyYdAGlYdgQzE6R1+0c=,NxVOv7GsCP9RP4GiXUmyqbukcEA=
2,-26,SBtroHdfsyYdAGlYdgQzE6R1+0c=,NxVOv7GsCP9RP4GiXUmyqbukcEA=
7,-25,SBtroHdfsyYdAGlYdgQzE6R1+0c=,NxVOv7GsCP9RP4GiXUmyqbukcEA=
8,-19,SBtroHdfsyYdAGlYdgQzE6R1+0c=,PUU5sCISRNxBdq7pY/iCiiBM/NE=
6,-25,SBtroHdfsyYdAGlYdgQzE6R1+0c=,NxVOv7GsCP9RP4GiXUmyqbukcEA=
5,-25,SBtroHdfsyYdAGlYdgQzE6R1+0c=,NxVOv7GsCP9RP4GiXUmyqbukcEA=
4,-25,SBtroHdfsyYdAGlYdgQzE6R1+0c=,NxVOv7GsCP9RP4GiXUmyqbukcEA=
3,-25,SBtroHdfsyYdAGlYdgQzE6R1+0c=,NxVOv7GsCP9RP4GiXUmyqbukcEA=
7,-18,SBtroHdfsyYdAGlYdgQzE6R1+0c=,98tlDeRdVkaDiK05JRVLDw9A+34=
6,-18,SBtroHdfsyYdAGlYdgQzE6R1+0c=,98tlDeRdVkaDiK05JRVLDw9A+34=
2,-25,SBtroHdfsyYdAGlYdgQzE6R1+0c=,NxVOv7GsCP9RP4GiXUmyqbukcEA=
5,-18,SBtroHdfsyYdAGlYdgQzE6R1+0c=,98tlDeRdVkaDiK05JRVLDw9A+34=
7,-19,SBtroHdfsyYdAGlYdgQzE6R1+0c=,98tlDeRdVkaDiK05JRVLDw9A+34=
6,-19,SBtroHdfsyYdAGlYdgQzE6R1+0c=,98tlDeRdVkaDiK05JRVLDw9A+34=
1,-25,SBtroHdfsyYdAGlYdgQzE6R1+0c=,NxVOv7GsCP9RP4GiXUmyqbukcEA=
5,-19,SBtroHdfsyYdAGlYdgQzE6R1+0c=,98tlDeRdVkaDiK05JRVLDw9A+34=
4,-19,SBtroHdfsyYdAGlYdgQzE6R1+0c=,98tlDeRdVkaDiK05JRVLDw9A+34=
3,-19,SBtroHdfsyYdAGlYdgQzE6R1+0c=,98tlDeRdVkaDiK05JRVLDw9A+34=
2,-19,SBtroHdfsyYdAGlYdgQzE6R1+0c=,98tlDeRdVkaDiK05JRVLDw9A+34=
4,-18,SBtroHdfsyYdAGlYdgQzE6R1+0c=,98tlDeRdVkaDiK05JRVLDw9A+34=
8,-20,SBtroHdfsyYdAGlYdgQzE6R1+0c=,PUU5sCISRNxBdq7pY/iCiiBM/NE=
7,-20,SBtroHdfsyYdAGlYdgQzE6R1+0c=,98tlDeRdVkaDiK05JRVLDw9A+34=
1,-19,SBtroHdfsyYdAGlYdgQzE6R1+0c=,98tlDeRdVkaDiK05JRVLDw9A+34=
6,-20,SBtroHdfsyYdAGlYdgQzE6R1+0c=,98tlDeRdVkaDiK05JRVLDw9A+34=
8,-21,SBtroHdfsyYdAGlYdgQzE6R1+0c=,PUU5sCISRNxBdq7pY/iCiiBM/NE=
5,-20,SBtroHdfsyYdAGlYdgQzE6R1+0c=,98tlDeRdVkaDiK05JRVLDw9A+34=
4,-20,SBtroHdfsyYdAGlYdgQzE6R1+0c=,98tlDeRdVkaDiK05JRVLDw9A+34=
0,-25,SBtroHdfsyYdAGlYdgQzE6R1+0c=,NxVOv7GsCP9RP4GiXUmyqbukcEA=
3,-20,SBtroHdfsyYdAGlYdgQzE6R1+0c=,98tlDeRdVkaDiK05JRVLDw9A+34=
2,-20,SBtroHdfsyYdAGlYdgQzE6R1+0c=,98tlDeRdVkaDiK05JRVLDw9A+34=
1,-20,SBtroHdfsyYdAGlYdgQzE6R1+0c=,98tlDeRdVkaDiK05JRVLDw9A+34=
0,-20,SBtroHdfsyYdAGlYdgQzE6R1+0c=,98tlDeRdVkaDiK05JRVLDw9A+34=
7,-21,SBtroHdfsyYdAGlYdgQzE6R1+0c=,98tlDeRdVkaDiK05JRVLDw9A+34=
8,-22,SBtroHdfsyYdAGlYdgQzE6R1+0c=,PUU5sCISRNxBdq7pY/iCiiBM/NE=
6,-21,SBtroHdfsyYdAGlYdgQzE6R1+0c=,98tlDeRdVkaDiK05JRVLDw9A+34=
5,-21,SBtroHdfsyYdAGlYdgQzE6R1+0c=,98tlDeRdVkaDiK05JRVLDw9A+34=
4,-21,SBtroHdfsyYdAGlYdgQzE6R1+0c=,98tlDeRdVkaDiK05JRVLDw9A+34=
3,-21,SBtroHdfsyYdAGlYdgQzE6R1+0c=,98tlDeRdVkaDiK05JRVLDw9A+34=
2,-21,SBtroHdfsyYdAGlYdgQzE6R1+0c=,98tlDeRdVkaDiK05JRVLDw9A+34=
0,-21,SBtroHdfsyYdAGlYdgQzE6R1+0c=,98tlDeRdVkaDiK05JRVLDw9A+34=
1,-21,SBtroHdfsyYdAGlYdgQzE6R1+0c=,98tlDeRdVkaDiK05JRVLDw9A+34=
7,-22,SBtroHdfsyYdAGlYdgQzE6R1+0c=,98tlDeRdVkaDiK05JRVLDw9A+34=
6,-22,SBtroHdfsyYdAGlYdgQzE6R1+0c=,98tlDeRdVkaDiK05JRVLDw9A+34=
5,-22,SBtroHdfsyYdAGlYdgQzE6R1+0c=,98tlDeRdVkaDiK05JRVLDw9A+34=
4,-22,SBtroHdfsyYdAGlYdgQzE6R1+0c=,98tlDeRdVkaDiK05JRVLDw9A+34=
2,-22,SBtroHdfsyYdAGlYdgQzE6R1+0c=,98tlDeRdVkaDiK05JRVLDw9A+34=
3,-22,SBtroHdfsyYdAGlYdgQzE6R1+0c=,98tlDeRdVkaDiK05JRVLDw9A+34=
1,-22,SBtroHdfsyYdAGlYdgQzE6R1+0c=,98tlDeRdVkaDiK05JRVLDw9A+34=
8,-17,SBtroHdfsyYdAGlYdgQzE6R1+0c=,PUU5sCISRNxBdq7pY/iCiiBM/NE=
7,-23,SBtroHdfsyYdAGlYdgQzE6R1+0c=,98tlDeRdVkaDiK05JRVLDw9A+34=
0,-22,SBtroHdfsyYdAGlYdgQzE6R1+0c=,98tlDeRdVkaDiK05JRVLDw9A+34=
6,-23,SBtroHdfsyYdAGlYdgQzE6R1+0c=,98tlDeRdVkaDiK05JRVLDw9A+34=
8,-23,SBtroHdfsyYdAGlYdgQzE6R1+0c=,PUU5sCISRNxBdq7pY/iCiiBM/NE=
5,-23,SBtroHdfsyYdAGlYdgQzE6R1+0c=,98tlDeRdVkaDiK05JRVLDw9A+34=
4,-23,SBtroHdfsyYdAGlYdgQzE6R1+0c=,98tlDeRdVkaDiK05JRVLDw9A+34=
3,-23,SBtroHdfsyYdAGlYdgQzE6R1+0c=,98tlDeRdVkaDiK05JRVLDw9A+34=
8,-18,SBtroHdfsyYdAGlYdgQzE6R1+0c=,PUU5sCISRNxBdq7pY/iCiiBM/NE=
2,-23,SBtroHdfsyYdAGlYdgQzE6R1+0c=,98tlDeRdVkaDiK05JRVLDw9A+34=
1,-23,SBtroHdfsyYdAGlYdgQzE6R1+0c=,98tlDeRdVkaDiK05JRVLDw9A+34=
7,-24,SBtroHdfsyYdAGlYdgQzE6R1+0c=,98tlDeRdVkaDiK05JRVLDw9A+34=
8,-24,SBtroHdfsyYdAGlYdgQzE6R1+0c=,PUU5sCISRNxBdq7pY/iCiiBM/NE=
7,-17,SBtroHdfsyYdAGlYdgQzE6R1+0c=,98tlDeRdVkaDiK05JRVLDw9A+34=
0,-23,SBtroHdfsyYdAGlYdgQzE6R1+0c=,98tlDeRdVkaDiK05JRVLDw9A+34=
5,-24,SBtroHdfsyYdAGlYdgQzE6R1+0c=,98tlDeRdVkaDiK05JRVLDw9A+34=
6,-24,SBtroHdfsyYdAGlYdgQzE6R1+0c=,98tlDeRdVkaDiK05JRVLDw9A+34=
4,-24,SBtroHdfsyYdAGlYdgQzE6R1+0c=,98tlDeRdVkaDiK05JRVLDw9A+34=
3,-24,SBtroHdfsyYdAGlYdgQzE6R1+0c=,98tlDeRdVkaDiK05JRVLDw9A+34=
6,-17,SBtroHdfsyYdAGlYdgQzE6R1+0c=,98tlDeRdVkaDiK05JRVLDw9A+34=
2,-24,SBtroHdfsyYdAGlYdgQzE6R1+0c=,98tlDeRdVkaDiK05JRVLDw9A+34=
1,-24,SBtroHdfsyYdAGlYdgQzE6R1+0c=,98tlDeRdVkaDiK05JRVLDw9A+34=
0,-24,SBtroHdfsyYdAGlYdgQzE6R1+0c=,98tlDeRdVkaDiK05JRVLDw9A+34=
5,-17,SBtroHdfsyYdAGlYdgQzE6R1+0c=,98tlDeRdVkaDiK05JRVLDw9A+34=
3,-18,SBtroHdfsyYdAGlYdgQzE6R1+0c=,98tlDeRdVkaDiK05JRVLDw9A+34=
0,-19,SBtroHdfsyYdAGlYdgQzE6R1+0c=,98tlDeRdVkaDiK05JRVLDw9A+34=
2,-18,SBtroHdfsyYdAGlYdgQzE6R1+0c=,98tlDeRdVkaDiK05JRVLDw9A+34=
1,-17,SBtroHdfsyYdAGlYdgQzE6R1+0c=,98tlDeRdVkaDiK05JRVLDw9A+34=
4,-17,SBtroHdfsyYdAGlYdgQzE6R1+0c=,98tlDeRdVkaDiK05JRVLDw9A+34=
1,-18,SBtroHdfsyYdAGlYdgQzE6R1+0c=,98tlDeRdVkaDiK05JRVLDw9A+34=
3,-17,SBtroHdfsyYdAGlYdgQzE6R1+0c=,98tlDeRdVkaDiK05JRVLDw9A+34=
0,-18,SBtroHdfsyYdAGlYdgQzE6R1+0c=,98tlDeRdVkaDiK05JRVLDw9A+34=
2,-17,SBtroHdfsyYdAGlYdgQzE6R1+0c=,98tlDeRdVkaDiK05JRVLDw9A+34=
15,-20,SBtroHdfsyYdAGlYdgQzE6R1+0c=,PUU5sCISRNxBdq7pY/iCiiBM/NE=
15,-19,SBtroHdfsyYdAGlYdgQzE6R1+0c=,PUU5sCISRNxBdq7pY/iCiiBM/NE=
15,-21,SBtroHdfsyYdAGlYdgQzE6R1+0c=,PUU5sCISRNxBdq7pY/iCiiBM/NE=
15,-18,SBtroHdfsyYdAGlYdgQzE6R1+0c=,PUU5sCISRNxBdq7pY/iCiiBM/NE=
15,-23,SBtroHdfsyYdAGlYdgQzE6R1+0c=,PUU5sCISRNxBdq7pY/iCiiBM/NE=
3,-32,SBtroHdfsyYdAGlYdgQzE6R1+0c=,NxVOv7GsCP9RP4GiXUmyqbukcEA=
15,-22,SBtroHdfsyYdAGlYdgQzE6R1+0c=,PUU5sCISRNxBdq7pY/iCiiBM/NE=
7,-32,SBtroHdfsyYdAGlYdgQzE6R1+0c=,NxVOv7GsCP9RP4GiXUmyqbukcEA=
5,-32,SBtroHdfsyYdAGlYdgQzE6R1+0c=,NxVOv7GsCP9RP4GiXUmyqbukcEA=
1,-32,SBtroHdfsyYdAGlYdgQzE6R1+0c=,NxVOv7GsCP9RP4GiXUmyqbukcEA=
4,-32,SBtroHdfsyYdAGlYdgQzE6R1+0c=,NxVOv7GsCP9RP4GiXUmyqbukcEA=
6,-32,SBtroHdfsyYdAGlYdgQzE6R1+0c=,NxVOv7GsCP9RP4GiXUmyqbukcEA=
2,-32,SBtroHdfsyYdAGlYdgQzE6R1+0c=,NxVOv7GsCP9RP4GiXUmyqbukcEA=
15,-17,SBtroHdfsyYdAGlYdgQzE6R1+0c=,PUU5sCISRNxBdq7pY/iCiiBM/NE=
0,-32,SBtroHdfsyYdAGlYdgQzE6R1+0c=,NxVOv7GsCP9RP4GiXUmyqbukcEA=
15,-24,SBtroHdfsyYdAGlYdgQzE6R1+0c=,PUU5sCISRNxBdq7pY/iCiiBM/NE=
0,-17,SBtroHdfsyYdAGlYdgQzE6R1+0c=,98tlDeRdVkaDiK05JRVLDw9A+34=
12,-13,SBtroHdfsyYdAGlYdgQzE6R1+0c=,UUh5GPCdXY9HJE0AraiKrpbkwQs=
13,-13,SBtroHdfsyYdAGlYdgQzE6R1+0c=,UUh5GPCdXY9HJE0AraiKrpbkwQs=
14,-13,SBtroHdfsyYdAGlYdgQzE6R1+0c=,UUh5GPCdXY9HJE0AraiKrpbkwQs=
9,-12,SBtroHdfsyYdAGlYdgQzE6R1+0c=,UUh5GPCdXY9HJE0AraiKrpbkwQs=
10,-12,SBtroHdfsyYdAGlYdgQzE6R1+0c=,UUh5GPCdXY9HJE0AraiKrpbkwQs=
11,-12,SBtroHdfsyYdAGlYdgQzE6R1+0c=,UUh5GPCdXY9HJE0AraiKrpbkwQs=
12,-12,SBtroHdfsyYdAGlYdgQzE6R1+0c=,UUh5GPCdXY9HJE0AraiKrpbkwQs=
13,-12,SBtroHdfsyYdAGlYdgQzE6R1+0c=,UUh5GPCdXY9HJE0AraiKrpbkwQs=
14,-12,SBtroHdfsyYdAGlYdgQzE6R1+0c=,UUh5GPCdXY9HJE0AraiKrpbkwQs=
9,-11,SBtroHdfsyYdAGlYdgQzE6R1+0c=,UUh5GPCdXY9HJE0AraiKrpbkwQs=
10,-11,SBtroHdfsyYdAGlYdgQzE6R1+0c=,UUh5GPCdXY9HJE0AraiKrpbkwQs=
11,-11,SBtroHdfsyYdAGlYdgQzE6R1+0c=,UUh5GPCdXY9HJE0AraiKrpbkwQs=
12,-11,SBtroHdfsyYdAGlYdgQzE6R1+0c=,UUh5GPCdXY9HJE0AraiKrpbkwQs=
13,-11,SBtroHdfsyYdAGlYdgQzE6R1+0c=,UUh5GPCdXY9HJE0AraiKrpbkwQs=
11,-13,SBtroHdfsyYdAGlYdgQzE6R1+0c=,UUh5GPCdXY9HJE0AraiKrpbkwQs=
10,-13,SBtroHdfsyYdAGlYdgQzE6R1+0c=,UUh5GPCdXY9HJE0AraiKrpbkwQs=
14,-14,SBtroHdfsyYdAGlYdgQzE6R1+0c=,UUh5GPCdXY9HJE0AraiKrpbkwQs=
9,-13,SBtroHdfsyYdAGlYdgQzE6R1+0c=,UUh5GPCdXY9HJE0AraiKrpbkwQs=
13,-14,SBtroHdfsyYdAGlYdgQzE6R1+0c=,UUh5GPCdXY9HJE0AraiKrpbkwQs=
12,-14,SBtroHdfsyYdAGlYdgQzE6R1+0c=,UUh5GPCdXY9HJE0AraiKrpbkwQs=
11,-14,SBtroHdfsyYdAGlYdgQzE6R1+0c=,UUh5GPCdXY9HJE0AraiKrpbkwQs=
10,-14,SBtroHdfsyYdAGlYdgQzE6R1+0c=,UUh5GPCdXY9HJE0AraiKrpbkwQs=
9,-14,SBtroHdfsyYdAGlYdgQzE6R1+0c=,UUh5GPCdXY9HJE0AraiKrpbkwQs=
14,-10,SBtroHdfsyYdAGlYdgQzE6R1+0c=,UUh5GPCdXY9HJE0AraiKrpbkwQs=
14,-15,SBtroHdfsyYdAGlYdgQzE6R1+0c=,UUh5GPCdXY9HJE0AraiKrpbkwQs=
13,-15,SBtroHdfsyYdAGlYdgQzE6R1+0c=,UUh5GPCdXY9HJE0AraiKrpbkwQs=
13,-10,SBtroHdfsyYdAGlYdgQzE6R1+0c=,UUh5GPCdXY9HJE0AraiKrpbkwQs=
12,-15,SBtroHdfsyYdAGlYdgQzE6R1+0c=,UUh5GPCdXY9HJE0AraiKrpbkwQs=
12,-10,SBtroHdfsyYdAGlYdgQzE6R1+0c=,UUh5GPCdXY9HJE0AraiKrpbkwQs=
11,-10,SBtroHdfsyYdAGlYdgQzE6R1+0c=,UUh5GPCdXY9HJE0AraiKrpbkwQs=
11,-15,SBtroHdfsyYdAGlYdgQzE6R1+0c=,UUh5GPCdXY9HJE0AraiKrpbkwQs=
10,-15,SBtroHdfsyYdAGlYdgQzE6R1+0c=,UUh5GPCdXY9HJE0AraiKrpbkwQs=
9,-15,SBtroHdfsyYdAGlYdgQzE6R1+0c=,UUh5GPCdXY9HJE0AraiKrpbkwQs=
14,-11,SBtroHdfsyYdAGlYdgQzE6R1+0c=,UUh5GPCdXY9HJE0AraiKrpbkwQs=
10,-10,SBtroHdfsyYdAGlYdgQzE6R1+0c=,UUh5GPCdXY9HJE0AraiKrpbkwQs=
9,-10,SBtroHdfsyYdAGlYdgQzE6R1+0c=,UUh5GPCdXY9HJE0AraiKrpbkwQs=
15,-13,SBtroHdfsyYdAGlYdgQzE6R1+0c=,UUh5GPCdXY9HJE0AraiKrpbkwQs=
15,-12,SBtroHdfsyYdAGlYdgQzE6R1+0c=,UUh5GPCdXY9HJE0AraiKrpbkwQs=
15,-11,SBtroHdfsyYdAGlYdgQzE6R1+0c=,UUh5GPCdXY9HJE0AraiKrpbkwQs=
15,-15,SBtroHdfsyYdAGlYdgQzE6R1+0c=,UUh5GPCdXY9HJE0AraiKrpbkwQs=
15,-10,SBtroHdfsyYdAGlYdgQzE6R1+0c=,UUh5GPCdXY9HJE0AraiKrpbkwQs=
15,-14,SBtroHdfsyYdAGlYdgQzE6R1+0c=,UUh5GPCdXY9HJE0AraiKrpbkwQs=
9,-16,SBtroHdfsyYdAGlYdgQzE6R1+0c=,UUh5GPCdXY9HJE0AraiKrpbkwQs=
14,-16,SBtroHdfsyYdAGlYdgQzE6R1+0c=,UUh5GPCdXY9HJE0AraiKrpbkwQs=
13,-16,SBtroHdfsyYdAGlYdgQzE6R1+0c=,UUh5GPCdXY9HJE0AraiKrpbkwQs=
12,-16,SBtroHdfsyYdAGlYdgQzE6R1+0c=,UUh5GPCdXY9HJE0AraiKrpbkwQs=
11,-16,SBtroHdfsyYdAGlYdgQzE6R1+0c=,UUh5GPCdXY9HJE0AraiKrpbkwQs=
10,-16,+qTmOcNNRD5rlH3YrOfnPwquFC0=,UUh5GPCdXY9HJE0AraiKrpbkwQs=
8,-14,+qTmOcNNRD5rlH3YrOfnPwquFC0=,UUh5GPCdXY9HJE0AraiKrpbkwQs=
5,-11,+qTmOcNNRD5rlH3YrOfnPwquFC0=,dsxJYUEgJPdimByaar50i3/j+/Y=
4,-11,+qTmOcNNRD5rlH3YrOfnPwquFC0=,dsxJYUEgJPdimByaar50i3/j+/Y=
8,-15,+qTmOcNNRD5rlH3YrOfnPwquFC0=,UUh5GPCdXY9HJE0AraiKrpbkwQs=
7,-16,+qTmOcNNRD5rlH3YrOfnPwquFC0=,dsxJYUEgJPdimByaar50i3/j+/Y=
3,-11,+qTmOcNNRD5rlH3YrOfnPwquFC0=,dsxJYUEgJPdimByaar50i3/j+/Y=
0,-15,+qTmOcNNRD5rlH3YrOfnPwquFC0=,dsxJYUEgJPdimByaar50i3/j+/Y=
1,-16,+qTmOcNNRD5rlH3YrOfnPwquFC0=,dsxJYUEgJPdimByaar50i3/j+/Y=
2,-11,+qTmOcNNRD5rlH3YrOfnPwquFC0=,dsxJYUEgJPdimByaar50i3/j+/Y=
6,-12,+qTmOcNNRD5rlH3YrOfnPwquFC0=,dsxJYUEgJPdimByaar50i3/j+/Y=
6,-16,+qTmOcNNRD5rlH3YrOfnPwquFC0=,dsxJYUEgJPdimByaar50i3/j+/Y=
7,-15,+qTmOcNNRD5rlH3YrOfnPwquFC0=,dsxJYUEgJPdimByaar50i3/j+/Y=
5,-12,+qTmOcNNRD5rlH3YrOfnPwquFC0=,dsxJYUEgJPdimByaar50i3/j+/Y=
8,-10,+qTmOcNNRD5rlH3YrOfnPwquFC0=,UUh5GPCdXY9HJE0AraiKrpbkwQs=
0,-14,+qTmOcNNRD5rlH3YrOfnPwquFC0=,dsxJYUEgJPdimByaar50i3/j+/Y=
1,-13,+qTmOcNNRD5rlH3YrOfnPwquFC0=,dsxJYUEgJPdimByaar50i3/j+/Y=
8,-16,+qTmOcNNRD5rlH3YrOfnPwquFC0=,UUh5GPCdXY9HJE0AraiKrpbkwQs=
8,-11,+qTmOcNNRD5rlH3YrOfnPwquFC0=,UUh5GPCdXY9HJE0AraiKrpbkwQs=
5,-16,+qTmOcNNRD5rlH3YrOfnPwquFC0=,dsxJYUEgJPdimByaar50i3/j+/Y=
5,-15,+qTmOcNNRD5rlH3YrOfnPwquFC0=,dsxJYUEgJPdimByaar50i3/j+/Y=
6,-15,+qTmOcNNRD5rlH3YrOfnPwquFC0=,dsxJYUEgJPdimByaar50i3/j+/Y=
0,-12,+qTmOcNNRD5rlH3YrOfnPwquFC0=,dsxJYUEgJPdimByaar50i3/j+/Y=
7,-14,+qTmOcNNRD5rlH3YrOfnPwquFC0=,dsxJYUEgJPdimByaar50i3/j+/Y=
7,-13,+qTmOcNNRD5rlH3YrOfnPwquFC0=,dsxJYUEgJPdimByaar50i3/j+/Y=
4,-12,+qTmOcNNRD5rlH3YrOfnPwquFC0=,dsxJYUEgJPdimByaar50i3/j+/Y=
2,-15,+qTmOcNNRD5rlH3YrOfnPwquFC0=,dsxJYUEgJPdimByaar50i3/j+/Y=
6,-13,+qTmOcNNRD5rlH3YrOfnPwquFC0=,dsxJYUEgJPdimByaar50i3/j+/Y=
6,-14,+qTmOcNNRD5rlH3YrOfnPwquFC0=,dsxJYUEgJPdimByaar50i3/j+/Y=
8,-13,+qTmOcNNRD5rlH3YrOfnPwquFC0=,UUh5GPCdXY9HJE0AraiKrpbkwQs=
0,-13,+qTmOcNNRD5rlH3YrOfnPwquFC0=,dsxJYUEgJPdimByaar50i3/j+/Y=
2,-16,+qTmOcNNRD5rlH3YrOfnPwquFC0=,dsxJYUEgJPdimByaar50i3/j+/Y=
5,-13,+qTmOcNNRD5rlH3YrOfnPwquFC0=,dsxJYUEgJPdimByaar50i3/j+/Y=
5,-14,+qTmOcNNRD5rlH3YrOfnPwquFC0=,dsxJYUEgJPdimByaar50i3/j+/Y=
7,-10,+qTmOcNNRD5rlH3YrOfnPwquFC0=,dsxJYUEgJPdimByaar50i3/j+/Y=
2,-14,+qTmOcNNRD5rlH3YrOfnPwquFC0=,dsxJYUEgJPdimByaar50i3/j+/Y=
3,-14,+qTmOcNNRD5rlH3YrOfnPwquFC0=,dsxJYUEgJPdimByaar50i3/j+/Y=
4,-13,+qTmOcNNRD5rlH3YrOfnPwquFC0=,dsxJYUEgJPdimByaar50i3/j+/Y=
4,-14,+qTmOcNNRD5rlH3YrOfnPwquFC0=,dsxJYUEgJPdimByaar50i3/j+/Y=
3,-12,+qTmOcNNRD5rlH3YrOfnPwquFC0=,dsxJYUEgJPdimByaar50i3/j+/Y=
4,-16,+qTmOcNNRD5rlH3YrOfnPwquFC0=,dsxJYUEgJPdimByaar50i3/j+/Y=
4,-9,+qTmOcNNRD5rlH3YrOfnPwquFC0=,dsxJYUEgJPdimByaar50i3/j+/Y=
3,-10,+qTmOcNNRD5rlH3YrOfnPwquFC0=,dsxJYUEgJPdimByaar50i3/j+/Y=
2,-10,+qTmOcNNRD5rlH3YrOfnPwquFC0=,dsxJYUEgJPdimByaar50i3/j+/Y=
5,-9,+qTmOcNNRD5rlH3YrOfnPwquFC0=,dsxJYUEgJPdimByaar50i3/j+/Y=
1,-12,+qTmOcNNRD5rlH3YrOfnPwquFC0=,dsxJYUEgJPdimByaar50i3/j+/Y=
3,-3,+qTmOcNNRD5rlH3YrOfnPwquFC0=,i2YgBi3jkzy16CDXQmY1mMyUfrs=
2,-3,+qTmOcNNRD5rlH3YrOfnPwquFC0=,i2YgBi3jkzy16CDXQmY1mMyUfrs=
3,-9,+qTmOcNNRD5rlH3YrOfnPwquFC0=,dsxJYUEgJPdimByaar50i3/j+/Y=
1,-10,+qTmOcNNRD5rlH3YrOfnPwquFC0=,dsxJYUEgJPdimByaar50i3/j+/Y=
0,-3,+qTmOcNNRD5rlH3YrOfnPwquFC0=,i2YgBi3jkzy16CDXQmY1mMyUfrs=
0,-10,+qTmOcNNRD5rlH3YrOfnPwquFC0=,dsxJYUEgJPdimByaar50i3/j+/Y=
2,-9,+qTmOcNNRD5rlH3YrOfnPwquFC0=,dsxJYUEgJPdimByaar50i3/j+/Y=
3,-13,+qTmOcNNRD5rlH3YrOfnPwquFC0=,dsxJYUEgJPdimByaar50i3/j+/Y=
7,-11,+qTmOcNNRD5rlH3YrOfnPwquFC0=,dsxJYUEgJPdimByaar50i3/j+/Y=
6,-4,+qTmOcNNRD5rlH3YrOfnPwquFC0=,i2YgBi3jkzy16CDXQmY1mMyUfrs=
1,-14,+qTmOcNNRD5rlH3YrOfnPwquFC0=,dsxJYUEgJPdimByaar50i3/j+/Y=
5,-4,+qTmOcNNRD5rlH3YrOfnPwquFC0=,i2YgBi3jkzy16CDXQmY1mMyUfrs=
1,-3,+qTmOcNNRD5rlH3YrOfnPwquFC0=,i2YgBi3jkzy16CDXQmY1mMyUfrs=
6,-11,+qTmOcNNRD5rlH3YrOfnPwquFC0=,dsxJYUEgJPdimByaar50i3/j+/Y=
1,-11,+qTmOcNNRD5rlH3YrOfnPwquFC0=,dsxJYUEgJPdimByaar50i3/j+/Y=
0,-11,+qTmOcNNRD5rlH3YrOfnPwquFC0=,dsxJYUEgJPdimByaar50i3/j+/Y=
2,-13,+qTmOcNNRD5rlH3YrOfnPwquFC0=,dsxJYUEgJPdimByaar50i3/j+/Y=
4,-4,+qTmOcNNRD5rlH3YrOfnPwquFC0=,i2YgBi3jkzy16CDXQmY1mMyUfrs=
7,-12,+qTmOcNNRD5rlH3YrOfnPwquFC0=,dsxJYUEgJPdimByaar50i3/j+/Y=
3,-4,+qTmOcNNRD5rlH3YrOfnPwquFC0=,i2YgBi3jkzy16CDXQmY1mMyUfrs=
1,-4,+qTmOcNNRD5rlH3YrOfnPwquFC0=,i2YgBi3jkzy16CDXQmY1mMyUfrs=
4,-3,+qTmOcNNRD5rlH3YrOfnPwquFC0=,i2YgBi3jkzy16CDXQmY1mMyUfrs=
2,-4,+qTmOcNNRD5rlH3YrOfnPwquFC0=,i2YgBi3jkzy16CDXQmY1mMyUfrs=
0,-4,+qTmOcNNRD5rlH3YrOfnPwquFC0=,i2YgBi3jkzy16CDXQmY1mMyUfrs=
6,-5,+qTmOcNNRD5rlH3YrOfnPwquFC0=,i2YgBi3jkzy16CDXQmY1mMyUfrs=
5,-5,+qTmOcNNRD5rlH3YrOfnPwquFC0=,i2YgBi3jkzy16CDXQmY1mMyUfrs=
4,-5,+qTmOcNNRD5rlH3YrOfnPwquFC0=,i2YgBi3jkzy16CDXQmY1mMyUfrs=
3,-5,+qTmOcNNRD5rlH3YrOfnPwquFC0=,i2YgBi3jkzy16CDXQmY1mMyUfrs=
2,-5,+qTmOcNNRD5rlH3YrOfnPwquFC0=,i2YgBi3jkzy16CDXQmY1mMyUfrs=
1,-9,+qTmOcNNRD5rlH3YrOfnPwquFC0=,dsxJYUEgJPdimByaar50i3/j+/Y=
6,-9,+qTmOcNNRD5rlH3YrOfnPwquFC0=,dsxJYUEgJPdimByaar50i3/j+/Y=
1,-5,+qTmOcNNRD5rlH3YrOfnPwquFC0=,i2YgBi3jkzy16CDXQmY1mMyUfrs=
6,-6,+qTmOcNNRD5rlH3YrOfnPwquFC0=,i2YgBi3jkzy16CDXQmY1mMyUfrs=
0,-5,+qTmOcNNRD5rlH3YrOfnPwquFC0=,i2YgBi3jkzy16CDXQmY1mMyUfrs=
3,-6,+qTmOcNNRD5rlH3YrOfnPwquFC0=,i2YgBi3jkzy16CDXQmY1mMyUfrs=
5,-6,+qTmOcNNRD5rlH3YrOfnPwquFC0=,i2YgBi3jkzy16CDXQmY1mMyUfrs=
2,-6,+qTmOcNNRD5rlH3YrOfnPwquFC0=,i2YgBi3jkzy16CDXQmY1mMyUfrs=
4,-6,+qTmOcNNRD5rlH3YrOfnPwquFC0=,i2YgBi3jkzy16CDXQmY1mMyUfrs=
0,-9,+qTmOcNNRD5rlH3YrOfnPwquFC0=,dsxJYUEgJPdimByaar50i3/j+/Y=
1,-6,+qTmOcNNRD5rlH3YrOfnPwquFC0=,i2YgBi3jkzy16CDXQmY1mMyUfrs=
0,-6,+qTmOcNNRD5rlH3YrOfnPwquFC0=,i2YgBi3jkzy16CDXQmY1mMyUfrs=
6,-7,+qTmOcNNRD5rlH3YrOfnPwquFC0=,i2YgBi3jkzy16CDXQmY1mMyUfrs=
5,-7,+qTmOcNNRD5rlH3YrOfnPwquFC0=,i2YgBi3jkzy16CDXQmY1mMyUfrs=
4,-7,+qTmOcNNRD5rlH3YrOfnPwquFC0=,i2YgBi3jkzy16CDXQmY1mMyUfrs=
6,-1,+qTmOcNNRD5rlH3YrOfnPwquFC0=,i2YgBi3jkzy16CDXQmY1mMyUfrs=
5,-1,+qTmOcNNRD5rlH3YrOfnPwquFC0=,i2YgBi3jkzy16CDXQmY1mMyUfrs=
3,-7,+qTmOcNNRD5rlH3YrOfnPwquFC0=,i2YgBi3jkzy16CDXQmY1mMyUfrs=
2,-7,+qTmOcNNRD5rlH3YrOfnPwquFC0=,i2YgBi3jkzy16CDXQmY1mMyUfrs=
4,-1,+qTmOcNNRD5rlH3YrOfnPwquFC0=,i2YgBi3jkzy16CDXQmY1mMyUfrs=
5,-3,+qTmOcNNRD5rlH3YrOfnPwquFC0=,i2YgBi3jkzy16CDXQmY1mMyUfrs=
3,-1,+qTmOcNNRD5rlH3YrOfnPwquFC0=,i2YgBi3jkzy16CDXQmY1mMyUfrs=
2,-1,+qTmOcNNRD5rlH3YrOfnPwquFC0=,i2YgBi3jkzy16CDXQmY1mMyUfrs=
1,-1,+qTmOcNNRD5rlH3YrOfnPwquFC0=,i2YgBi3jkzy16CDXQmY1mMyUfrs=
1,-7,+qTmOcNNRD5rlH3YrOfnPwquFC0=,i2YgBi3jkzy16CDXQmY1mMyUfrs=
0,-7,+qTmOcNNRD5rlH3YrOfnPwquFC0=,i2YgBi3jkzy16CDXQmY1mMyUfrs=
8,-12,+qTmOcNNRD5rlH3YrOfnPwquFC0=,UUh5GPCdXY9HJE0AraiKrpbkwQs=
1,-15,+qTmOcNNRD5rlH3YrOfnPwquFC0=,dsxJYUEgJPdimByaar50i3/j+/Y=
2,-12,+qTmOcNNRD5rlH3YrOfnPwquFC0=,dsxJYUEgJPdimByaar50i3/j+/Y=
5,-10,+qTmOcNNRD5rlH3YrOfnPwquFC0=,dsxJYUEgJPdimByaar50i3/j+/Y=
5,-8,+qTmOcNNRD5rlH3YrOfnPwquFC0=,i2YgBi3jkzy16CDXQmY1mMyUfrs=
6,-10,+qTmOcNNRD5rlH3YrOfnPwquFC0=,dsxJYUEgJPdimByaar50i3/j+/Y=
6,-8,+qTmOcNNRD5rlH3YrOfnPwquFC0=,i2YgBi3jkzy16CDXQmY1mMyUfrs=
4,-8,+qTmOcNNRD5rlH3YrOfnPwquFC0=,i2YgBi3jkzy16CDXQmY1mMyUfrs=
2,-8,+qTmOcNNRD5rlH3YrOfnPwquFC0=,i2YgBi3jkzy16CDXQmY1mMyUfrs=
4,-2,+qTmOcNNRD5rlH3YrOfnPwquFC0=,i2YgBi3jkzy16CDXQmY1mMyUfrs=
3,-8,+qTmOcNNRD5rlH3YrOfnPwquFC0=,i2YgBi3jkzy16CDXQmY1mMyUfrs=
1,-8,+qTmOcNNRD5rlH3YrOfnPwquFC0=,i2YgBi3jkzy16CDXQmY1mMyUfrs=
6,-2,+qTmOcNNRD5rlH3YrOfnPwquFC0=,i2YgBi3jkzy16CDXQmY1mMyUfrs=
4,-10,+qTmOcNNRD5rlH3YrOfnPwquFC0=,dsxJYUEgJPdimByaar50i3/j+/Y=
3,-16,+qTmOcNNRD5rlH3YrOfnPwquFC0=,dsxJYUEgJPdimByaar50i3/j+/Y=
3,-15,+qTmOcNNRD5rlH3YrOfnPwquFC0=,dsxJYUEgJPdimByaar50i3/j+/Y=
4,-15,+qTmOcNNRD5rlH3YrOfnPwquFC0=,dsxJYUEgJPdimByaar50i3/j+/Y=
5,-2,+qTmOcNNRD5rlH3YrOfnPwquFC0=,i2YgBi3jkzy16CDXQmY1mMyUfrs=
0,-8,+qTmOcNNRD5rlH3YrOfnPwquFC0=,i2YgBi3jkzy16CDXQmY1mMyUfrs=
6,-3,+qTmOcNNRD5rlH3YrOfnPwquFC0=,i2YgBi3jkzy16CDXQmY1mMyUfrs=
3,-2,+qTmOcNNRD5rlH3YrOfnPwquFC0=,i2YgBi3jkzy16CDXQmY1mMyUfrs=
1,-2,+qTmOcNNRD5rlH3YrOfnPwquFC0=,i2YgBi3jkzy16CDXQmY1mMyUfrs=
15,-9,+qTmOcNNRD5rlH3YrOfnPwquFC0=,UUh5GPCdXY9HJE0AraiKrpbkwQs=
2,-2,+qTmOcNNRD5rlH3YrOfnPwquFC0=,i2YgBi3jkzy16CDXQmY1mMyUfrs=
0,-2,+qTmOcNNRD5rlH3YrOfnPwquFC0=,i2YgBi3jkzy16CDXQmY1mMyUfrs=
13,-9,+qTmOcNNRD5rlH3YrOfnPwquFC0=,UUh5GPCdXY9HJE0AraiKrpbkwQs=
12,-9,+qTmOcNNRD5rlH3YrOfnPwquFC0=,UUh5GPCdXY9HJE0AraiKrpbkwQs=
14,-9,+qTmOcNNRD5rlH3YrOfnPwquFC0=,UUh5GPCdXY9HJE0AraiKrpbkwQs=
14,-1,+qTmOcNNRD5rlH3YrOfnPwquFC0=,P5rIFcQTSpIsxsWqfE+5sc3wc90=
11,-9,+qTmOcNNRD5rlH3YrOfnPwquFC0=,UUh5GPCdXY9HJE0AraiKrpbkwQs=
12,-5,+qTmOcNNRD5rlH3YrOfnPwquFC0=,P5rIFcQTSpIsxsWqfE+5sc3wc90=
11,-5,+qTmOcNNRD5rlH3YrOfnPwquFC0=,P5rIFcQTSpIsxsWqfE+5sc3wc90=
10,-5,+qTmOcNNRD5rlH3YrOfnPwquFC0=,P5rIFcQTSpIsxsWqfE+5sc3wc90=
10,-9,+qTmOcNNRD5rlH3YrOfnPwquFC0=,UUh5GPCdXY9HJE0AraiKrpbkwQs=
7,-4,+qTmOcNNRD5rlH3YrOfnPwquFC0=,i2YgBi3jkzy16CDXQmY1mMyUfrs=
14,-6,+qTmOcNNRD5rlH3YrOfnPwquFC0=,P5rIFcQTSpIsxsWqfE+5sc3wc90=
15,-6,+qTmOcNNRD5rlH3YrOfnPwquFC0=,P5rIFcQTSpIsxsWqfE+5sc3wc90=
9,-9,+qTmOcNNRD5rlH3YrOfnPwquFC0=,UUh5GPCdXY9HJE0AraiKrpbkwQs=
9,-5,+qTmOcNNRD5rlH3YrOfnPwquFC0=,P5rIFcQTSpIsxsWqfE+5sc3wc90=
8,-5,+qTmOcNNRD5rlH3YrOfnPwquFC0=,P5rIFcQTSpIsxsWqfE+5sc3wc90=
8,-9,+qTmOcNNRD5rlH3YrOfnPwquFC0=,UUh5GPCdXY9HJE0AraiKrpbkwQs=
13,-1,+qTmOcNNRD5rlH3YrOfnPwquFC0=,P5rIFcQTSpIsxsWqfE+5sc3wc90=
13,-6,+qTmOcNNRD5rlH3YrOfnPwquFC0=,P5rIFcQTSpIsxsWqfE+5sc3wc90=
12,-6,+qTmOcNNRD5rlH3YrOfnPwquFC0=,P5rIFcQTSpIsxsWqfE+5sc3wc90=
11,-1,+qTmOcNNRD5rlH3YrOfnPwquFC0=,P5rIFcQTSpIsxsWqfE+5sc3wc90=
11,-6,+qTmOcNNRD5rlH3YrOfnPwquFC0=,P5rIFcQTSpIsxsWqfE+5sc3wc90=
13,-5,+qTmOcNNRD5rlH3YrOfnPwquFC0=,P5rIFcQTSpIsxsWqfE+5sc3wc90=
10,-6,+qTmOcNNRD5rlH3YrOfnPwquFC0=,P5rIFcQTSpIsxsWqfE+5sc3wc90=
9,-6,+qTmOcNNRD5rlH3YrOfnPwquFC0=,P5rIFcQTSpIsxsWqfE+5sc3wc90=
12,-1,+qTmOcNNRD5rlH3YrOfnPwquFC0=,P5rIFcQTSpIsxsWqfE+5sc3wc90=
14,-7,+qTmOcNNRD5rlH3YrOfnPwquFC0=,P5rIFcQTSpIsxsWqfE+5sc3wc90=
15,-7,+qTmOcNNRD5rlH3YrOfnPwquFC0=,P5rIFcQTSpIsxsWqfE+5sc3wc90=
12,-7,+qTmOcNNRD5rlH3YrOfnPwquFC0=,P5rIFcQTSpIsxsWqfE+5sc3wc90=
11,-7,+qTmOcNNRD5rlH3YrOfnPwquFC0=,P5rIFcQTSpIsxsWqfE+5sc3wc90=
13,-7,+qTmOcNNRD5rlH3YrOfnPwquFC0=,P5rIFcQTSpIsxsWqfE+5sc3wc90=
10,-7,+qTmOcNNRD5rlH3YrOfnPwquFC0=,P5rIFcQTSpIsxsWqfE+5sc3wc90=
9,-1,+qTmOcNNRD5rlH3YrOfnPwquFC0=,P5rIFcQTSpIsxsWqfE+5sc3wc90=
10,-1,+qTmOcNNRD5rlH3YrOfnPwquFC0=,P5rIFcQTSpIsxsWqfE+5sc3wc90=
8,-1,+qTmOcNNRD5rlH3YrOfnPwquFC0=,P5rIFcQTSpIsxsWqfE+5sc3wc90=
7,-5,+qTmOcNNRD5rlH3YrOfnPwquFC0=,i2YgBi3jkzy16CDXQmY1mMyUfrs=
14,-5,+qTmOcNNRD5rlH3YrOfnPwquFC0=,P5rIFcQTSpIsxsWqfE+5sc3wc90=
14,-2,+qTmOcNNRD5rlH3YrOfnPwquFC0=,P5rIFcQTSpIsxsWqfE+5sc3wc90=
9,-7,+qTmOcNNRD5rlH3YrOfnPwquFC0=,P5rIFcQTSpIsxsWqfE+5sc3wc90=
15,-2,+qTmOcNNRD5rlH3YrOfnPwquFC0=,P5rIFcQTSpIsxsWqfE+5sc3wc90=
12,-2,+qTmOcNNRD5rlH3YrOfnPwquFC0=,P5rIFcQTSpIsxsWqfE+5sc3wc90=
13,-2,+qTmOcNNRD5rlH3YrOfnPwquFC0=,P5rIFcQTSpIsxsWqfE+5sc3wc90=
7,-6,+qTmOcNNRD5rlH3YrOfnPwquFC0=,i2YgBi3jkzy16CDXQmY1mMyUfrs=
14,-3,+qTmOcNNRD5rlH3YrOfnPwquFC0=,P5rIFcQTSpIsxsWqfE+5sc3wc90=
9,-2,+qTmOcNNRD5rlH3YrOfnPwquFC0=,P5rIFcQTSpIsxsWqfE+5sc3wc90=
11,-2,+qTmOcNNRD5rlH3YrOfnPwquFC0=,P5rIFcQTSpIsxsWqfE+5sc3wc90=
13,-8,+qTmOcNNRD5rlH3YrOfnPwquFC0=,P5rIFcQTSpIsxsWqfE+5sc3wc90=
15,-8,+qTmOcNNRD5rlH3YrOfnPwquFC0=,P5rIFcQTSpIsxsWqfE+5sc3wc90=
15,-3,+qTmOcNNRD5rlH3YrOfnPwquFC0=,P5rIFcQTSpIsxsWqfE+5sc3wc90=
12,-8,+qTmOcNNRD5rlH3YrOfnPwquFC0=,P5rIFcQTSpIsxsWqfE+5sc3wc90=
8,-2,+qTmOcNNRD5rlH3YrOfnPwquFC0=,P5rIFcQTSpIsxsWqfE+5sc3wc90=
10,-2,+qTmOcNNRD5rlH3YrOfnPwquFC0=,P5rIFcQTSpIsxsWqfE+5sc3wc90=
14,-8,+qTmOcNNRD5rlH3YrOfnPwquFC0=,P5rIFcQTSpIsxsWqfE+5sc3wc90=
15,-5,+qTmOcNNRD5rlH3YrOfnPwquFC0=,P5rIFcQTSpIsxsWqfE+5sc3wc90=
13,-3,+qTmOcNNRD5rlH3YrOfnPwquFC0=,P5rIFcQTSpIsxsWqfE+5sc3wc90=
8,-7,+qTmOcNNRD5rlH3YrOfnPwquFC0=,P5rIFcQTSpIsxsWqfE+5sc3wc90=
7,-7,+qTmOcNNRD5rlH3YrOfnPwquFC0=,i2YgBi3jkzy16CDXQmY1mMyUfrs=
11,-8,+qTmOcNNRD5rlH3YrOfnPwquFC0=,P5rIFcQTSpIsxsWqfE+5sc3wc90=
10,-8,+qTmOcNNRD5rlH3YrOfnPwquFC0=,P5rIFcQTSpIsxsWqfE+5sc3wc90=
8,-8,+qTmOcNNRD5rlH3YrOfnPwquFC0=,P5rIFcQTSpIsxsWqfE+5sc3wc90=
9,-8,+qTmOcNNRD5rlH3YrOfnPwquFC0=,P5rIFcQTSpIsxsWqfE+5sc3wc90=
10,-3,+qTmOcNNRD5rlH3YrOfnPwquFC0=,P5rIFcQTSpIsxsWqfE+5sc3wc90=
11,-3,+qTmOcNNRD5rlH3YrOfnPwquFC0=,P5rIFcQTSpIsxsWqfE+5sc3wc90=
12,-3,+qTmOcNNRD5rlH3YrOfnPwquFC0=,P5rIFcQTSpIsxsWqfE+5sc3wc90=
7,-1,+qTmOcNNRD5rlH3YrOfnPwquFC0=,i2YgBi3jkzy16CDXQmY1mMyUfrs=
7,-3,+qTmOcNNRD5rlH3YrOfnPwquFC0=,i2YgBi3jkzy16CDXQmY1mMyUfrs=
9,-3,+qTmOcNNRD5rlH3YrOfnPwquFC0=,P5rIFcQTSpIsxsWqfE+5sc3wc90=
8,-3,+qTmOcNNRD5rlH3YrOfnPwquFC0=,P5rIFcQTSpIsxsWqfE+5sc3wc90=
14,-4,+qTmOcNNRD5rlH3YrOfnPwquFC0=,P5rIFcQTSpIsxsWqfE+5sc3wc90=
15,-4,+qTmOcNNRD5rlH3YrOfnPwquFC0=,P5rIFcQTSpIsxsWqfE+5sc3wc90=
7,-8,+qTmOcNNRD5rlH3YrOfnPwquFC0=,i2YgBi3jkzy16CDXQmY1mMyUfrs=
13,-4,+qTmOcNNRD5rlH3YrOfnPwquFC0=,P5rIFcQTSpIsxsWqfE+5sc3wc90=
12,-4,+qTmOcNNRD5rlH3YrOfnPwquFC0=,P5rIFcQTSpIsxsWqfE+5sc3wc90=
7,-2,+qTmOcNNRD5rlH3YrOfnPwquFC0=,i2YgBi3jkzy16CDXQmY1mMyUfrs=
11,-4,+qTmOcNNRD5rlH3YrOfnPwquFC0=,P5rIFcQTSpIsxsWqfE+5sc3wc90=
8,-6,+qTmOcNNRD5rlH3YrOfnPwquFC0=,P5rIFcQTSpIsxsWqfE+5sc3wc90=
7,-9,+qTmOcNNRD5rlH3YrOfnPwquFC0=,dsxJYUEgJPdimByaar50i3/j+/Y=
8,-4,+qTmOcNNRD5rlH3YrOfnPwquFC0=,P5rIFcQTSpIsxsWqfE+5sc3wc90=
10,-4,+qTmOcNNRD5rlH3YrOfnPwquFC0=,P5rIFcQTSpIsxsWqfE+5sc3wc90=
9,-4,+qTmOcNNRD5rlH3YrOfnPwquFC0=,P5rIFcQTSpIsxsWqfE+5sc3wc90=
15,-1,+qTmOcNNRD5rlH3YrOfnPwquFC0=,P5rIFcQTSpIsxsWqfE+5sc3wc90=
15,-16,+qTmOcNNRD5rlH3YrOfnPwquFC0=,UUh5GPCdXY9HJE0AraiKrpbkwQs=
0,-1,+qTmOcNNRD5rlH3YrOfnPwquFC0=,i2YgBi3jkzy16CDXQmY1mMyUfrs=
0,-16,+qTmOcNNRD5rlH3YrOfnPwquFC0=,dsxJYUEgJPdimByaar50i3/j+/Y=
29,-2,uDeZOj+Nzy3oyQe+Nu8KSmWSc3Y=,NKNFlWhYeRwQjK0qOH2Z1Zp4u7c=
25,-4,uDeZOj+Nzy3oyQe+Nu8KSmWSc3Y=,NKNFlWhYeRwQjK0qOH2Z1Zp4u7c=
30,-2,uDeZOj+Nzy3oyQe+Nu8KSmWSc3Y=,NKNFlWhYeRwQjK0qOH2Z1Zp4u7c=
26,-5,uDeZOj+Nzy3oyQe+Nu8KSmWSc3Y=,NKNFlWhYeRwQjK0qOH2Z1Zp4u7c=
28,-2,uDeZOj+Nzy3oyQe+Nu8KSmWSc3Y=,NKNFlWhYeRwQjK0qOH2Z1Zp4u7c=
30,-3,uDeZOj+Nzy3oyQe+Nu8KSmWSc3Y=,NKNFlWhYeRwQjK0qOH2Z1Zp4u7c=
25,-5,uDeZOj+Nzy3oyQe+Nu8KSmWSc3Y=,NKNFlWhYeRwQjK0qOH2Z1Zp4u7c=
30,-4,uDeZOj+Nzy3oyQe+Nu8KSmWSc3Y=,NKNFlWhYeRwQjK0qOH2Z1Zp4u7c=
29,-4,uDeZOj+Nzy3oyQe+Nu8KSmWSc3Y=,NKNFlWhYeRwQjK0qOH2Z1Zp4u7c=
28,-4,uDeZOj+Nzy3oyQe+Nu8KSmWSc3Y=,NKNFlWhYeRwQjK0qOH2Z1Zp4u7c=
27,-2,uDeZOj+Nzy3oyQe+Nu8KSmWSc3Y=,NKNFlWhYeRwQjK0qOH2Z1Zp4u7c=
27,-4,uDeZOj+Nzy3oyQe+Nu8KSmWSc3Y=,NKNFlWhYeRwQjK0qOH2Z1Zp4u7c=
26,-6,uDeZOj+Nzy3oyQe+Nu8KSmWSc3Y=,NKNFlWhYeRwQjK0qOH2Z1Zp4u7c=
29,-3,uDeZOj+Nzy3oyQe+Nu8KSmWSc3Y=,NKNFlWhYeRwQjK0qOH2Z1Zp4u7c=
28,-3,uDeZOj+Nzy3oyQe+Nu8KSmWSc3Y=,NKNFlWhYeRwQjK0qOH2Z1Zp4u7c=
26,-4,uDeZOj+Nzy3oyQe+Nu8KSmWSc3Y=,NKNFlWhYeRwQjK0qOH2Z1Zp4u7c=
26,-2,uDeZOj+Nzy3oyQe+Nu8KSmWSc3Y=,NKNFlWhYeRwQjK0qOH2Z1Zp4u7c=
25,-8,uDeZOj+Nzy3oyQe+Nu8KSmWSc3Y=,NKNFlWhYeRwQjK0qOH2Z1Zp4u7c=
25,-7,uDeZOj+Nzy3oyQe+Nu8KSmWSc3Y=,NKNFlWhYeRwQjK0qOH2Z1Zp4u7c=
30,-5,uDeZOj+Nzy3oyQe+Nu8KSmWSc3Y=,NKNFlWhYeRwQjK0qOH2Z1Zp4u7c=
27,-3,uDeZOj+Nzy3oyQe+Nu8KSmWSc3Y=,NKNFlWhYeRwQjK0qOH2Z1Zp4u7c=
25,-2,uDeZOj+Nzy3oyQe+Nu8KSmWSc3Y=,NKNFlWhYeRwQjK0qOH2Z1Zp4u7c=
30,-8,uDeZOj+Nzy3oyQe+Nu8KSmWSc3Y=,NKNFlWhYeRwQjK0qOH2Z1Zp4u7c=
26,-3,uDeZOj+Nzy3oyQe+Nu8KSmWSc3Y=,NKNFlWhYeRwQjK0qOH2Z1Zp4u7c=
30,-6,uDeZOj+Nzy3oyQe+Nu8KSmWSc3Y=,NKNFlWhYeRwQjK0qOH2Z1Zp4u7c=
29,-6,uDeZOj+Nzy3oyQe+Nu8KSmWSc3Y=,NKNFlWhYeRwQjK0qOH2Z1Zp4u7c=
29,-8,uDeZOj+Nzy3oyQe+Nu8KSmWSc3Y=,NKNFlWhYeRwQjK0qOH2Z1Zp4u7c=
27,-8,uDeZOj+Nzy3oyQe+Nu8KSmWSc3Y=,NKNFlWhYeRwQjK0qOH2Z1Zp4u7c=
25,-3,uDeZOj+Nzy3oyQe+Nu8KSmWSc3Y=,NKNFlWhYeRwQjK0qOH2Z1Zp4u7c=
28,-6,uDeZOj+Nzy3oyQe+Nu8KSmWSc3Y=,NKNFlWhYeRwQjK0qOH2Z1Zp4u7c=
26,-8,uDeZOj+Nzy3oyQe+Nu8KSmWSc3Y=,NKNFlWhYeRwQjK0qOH2Z1Zp4u7c=
28,-8,uDeZOj+Nzy3oyQe+Nu8KSmWSc3Y=,NKNFlWhYeRwQjK0qOH2Z1Zp4u7c=
29,-7,uDeZOj+Nzy3oyQe+Nu8KSmWSc3Y=,NKNFlWhYeRwQjK0qOH2Z1Zp4u7c=
29,-5,uDeZOj+Nzy3oyQe+Nu8KSmWSc3Y=,NKNFlWhYeRwQjK0qOH2Z1Zp4u7c=
30,-7,uDeZOj+Nzy3oyQe+Nu8KSmWSc3Y=,NKNFlWhYeRwQjK0qOH2Z1Zp4u7c=
28,-5,uDeZOj+Nzy3oyQe+Nu8KSmWSc3Y=,NKNFlWhYeRwQjK0qOH2Z1Zp4u7c=
27,-7,uDeZOj+Nzy3oyQe+Nu8KSmWSc3Y=,NKNFlWhYeRwQjK0qOH2Z1Zp4u7c=
25,-6,uDeZOj+Nzy3oyQe+Nu8KSmWSc3Y=,NKNFlWhYeRwQjK0qOH2Z1Zp4u7c=
26,-7,uDeZOj+Nzy3oyQe+Nu8KSmWSc3Y=,NKNFlWhYeRwQjK0qOH2Z1Zp4u7c=
27,-5,uDeZOj+Nzy3oyQe+Nu8KSmWSc3Y=,NKNFlWhYeRwQjK0qOH2Z1Zp4u7c=
28,-7,uDeZOj+Nzy3oyQe+Nu8KSmWSc3Y=,NKNFlWhYeRwQjK0qOH2Z1Zp4u7c=
27,-6,uDeZOj+Nzy3oyQe+Nu8KSmWSc3Y=,NKNFlWhYeRwQjK0qOH2Z1Zp4u7c=
25,-1,uDeZOj+Nzy3oyQe+Nu8KSmWSc3Y=,NKNFlWhYeRwQjK0qOH2Z1Zp4u7c=
26,-1,uDeZOj+Nzy3oyQe+Nu8KSmWSc3Y=,NKNFlWhYeRwQjK0qOH2Z1Zp4u7c=
27,-1,uDeZOj+Nzy3oyQe+Nu8KSmWSc3Y=,NKNFlWhYeRwQjK0qOH2Z1Zp4u7c=
28,-1,uDeZOj+Nzy3oyQe+Nu8KSmWSc3Y=,NKNFlWhYeRwQjK0qOH2Z1Zp4u7c=
30,-1,uDeZOj+Nzy3oyQe+Nu8KSmWSc3Y=,NKNFlWhYeRwQjK0qOH2Z1Zp4u7c=
29,-1,uDeZOj+Nzy3oyQe+Nu8KSmWSc3Y=,NKNFlWhYeRwQjK0qOH2Z1Zp4u7c=
23,-10,uDeZOj+Nzy3oyQe+Nu8KSmWSc3Y=,zBXIPjFrO1yNfLO0s6zwbAT1i0Y=
22,-10,uDeZOj+Nzy3oyQe+Nu8KSmWSc3Y=,zBXIPjFrO1yNfLO0s6zwbAT1i0Y=
16,-15,uDeZOj+Nzy3oyQe+Nu8KSmWSc3Y=,zBXIPjFrO1yNfLO0s6zwbAT1i0Y=
21,-10,uDeZOj+Nzy3oyQe+Nu8KSmWSc3Y=,zBXIPjFrO1yNfLO0s6zwbAT1i0Y=
17,-15,uDeZOj+Nzy3oyQe+Nu8KSmWSc3Y=,zBXIPjFrO1yNfLO0s6zwbAT1i0Y=
18,-15,uDeZOj+Nzy3oyQe+Nu8KSmWSc3Y=,zBXIPjFrO1yNfLO0s6zwbAT1i0Y=
19,-15,uDeZOj+Nzy3oyQe+Nu8KSmWSc3Y=,zBXIPjFrO1yNfLO0s6zwbAT1i0Y=
21,-15,uDeZOj+Nzy3oyQe+Nu8KSmWSc3Y=,zBXIPjFrO1yNfLO0s6zwbAT1i0Y=
22,-15,uDeZOj+Nzy3oyQe+Nu8KSmWSc3Y=,zBXIPjFrO1yNfLO0s6zwbAT1i0Y=
23,-15,uDeZOj+Nzy3oyQe+Nu8KSmWSc3Y=,zBXIPjFrO1yNfLO0s6zwbAT1i0Y=
20,-15,uDeZOj+Nzy3oyQe+Nu8KSmWSc3Y=,zBXIPjFrO1yNfLO0s6zwbAT1i0Y=
20,-10,uDeZOj+Nzy3oyQe+Nu8KSmWSc3Y=,zBXIPjFrO1yNfLO0s6zwbAT1i0Y=
19,-10,uDeZOj+Nzy3oyQe+Nu8KSmWSc3Y=,zBXIPjFrO1yNfLO0s6zwbAT1i0Y=
16,-14,uDeZOj+Nzy3oyQe+Nu8KSmWSc3Y=,zBXIPjFrO1yNfLO0s6zwbAT1i0Y=
18,-10,uDeZOj+Nzy3oyQe+Nu8KSmWSc3Y=,zBXIPjFrO1yNfLO0s6zwbAT1i0Y=
18,-14,uDeZOj+Nzy3oyQe+Nu8KSmWSc3Y=,zBXIPjFrO1yNfLO0s6zwbAT1i0Y=
19,-14,uDeZOj+Nzy3oyQe+Nu8KSmWSc3Y=,zBXIPjFrO1yNfLO0s6zwbAT1i0Y=
20,-14,uDeZOj+Nzy3oyQe+Nu8KSmWSc3Y=,zBXIPjFrO1yNfLO0s6zwbAT1i0Y=
17,-14,uDeZOj+Nzy3oyQe+Nu8KSmWSc3Y=,zBXIPjFrO1yNfLO0s6zwbAT1i0Y=
21,-14,uDeZOj+Nzy3oyQe+Nu8KSmWSc3Y=,zBXIPjFrO1yNfLO0s6zwbAT1i0Y=
23,-14,uDeZOj+Nzy3oyQe+Nu8KSmWSc3Y=,zBXIPjFrO1yNfLO0s6zwbAT1i0Y=
16,-13,uDeZOj+Nzy3oyQe+Nu8KSmWSc3Y=,zBXIPjFrO1yNfLO0s6zwbAT1i0Y=
22,-14,uDeZOj+Nzy3oyQe+Nu8KSmWSc3Y=,zBXIPjFrO1yNfLO0s6zwbAT1i0Y=
17,-13,uDeZOj+Nzy3oyQe+Nu8KSmWSc3Y=,zBXIPjFrO1yNfLO0s6zwbAT1i0Y=
19,-13,uDeZOj+Nzy3oyQe+Nu8KSmWSc3Y=,zBXIPjFrO1yNfLO0s6zwbAT1i0Y=
18,-13,uDeZOj+Nzy3oyQe+Nu8KSmWSc3Y=,zBXIPjFrO1yNfLO0s6zwbAT1i0Y=
17,-10,uDeZOj+Nzy3oyQe+Nu8KSmWSc3Y=,zBXIPjFrO1yNfLO0s6zwbAT1i0Y=
20,-13,uDeZOj+Nzy3oyQe+Nu8KSmWSc3Y=,zBXIPjFrO1yNfLO0s6zwbAT1i0Y=
21,-13,uDeZOj+Nzy3oyQe+Nu8KSmWSc3Y=,zBXIPjFrO1yNfLO0s6zwbAT1i0Y=
16,-10,uDeZOj+Nzy3oyQe+Nu8KSmWSc3Y=,zBXIPjFrO1yNfLO0s6zwbAT1i0Y=
23,-11,uDeZOj+Nzy3oyQe+Nu8KSmWSc3Y=,zBXIPjFrO1yNfLO0s6zwbAT1i0Y=
22,-13,uDeZOj+Nzy3oyQe+Nu8KSmWSc3Y=,zBXIPjFrO1yNfLO0s6zwbAT1i0Y=
23,-13,uDeZOj+Nzy3oyQe+Nu8KSmWSc3Y=,zBXIPjFrO1yNfLO0s6zwbAT1i0Y=
16,-12,uDeZOj+Nzy3oyQe+Nu8KSmWSc3Y=,zBXIPjFrO1yNfLO0s6zwbAT1i0Y=
17,-12,uDeZOj+Nzy3oyQe+Nu8KSmWSc3Y=,zBXIPjFrO1yNfLO0s6zwbAT1i0Y=
22,-11,uDeZOj+Nzy3oyQe+Nu8KSmWSc3Y=,zBXIPjFrO1yNfLO0s6zwbAT1i0Y=
20,-11,uDeZOj+Nzy3oyQe+Nu8KSmWSc3Y=,zBXIPjFrO1yNfLO0s6zwbAT1i0Y=
21,-11,uDeZOj+Nzy3oyQe+Nu8KSmWSc3Y=,zBXIPjFrO1yNfLO0s6zwbAT1i0Y=
18,-12,uDeZOj+Nzy3oyQe+Nu8KSmWSc3Y=,zBXIPjFrO1yNfLO0s6zwbAT1i0Y=
19,-12,uDeZOj+Nzy3oyQe+Nu8KSmWSc3Y=,zBXIPjFrO1yNfLO0s6zwbAT1i0Y=
19,-11,uDeZOj+Nzy3oyQe+Nu8KSmWSc3Y=,zBXIPjFrO1yNfLO0s6zwbAT1i0Y=
18,-11,uDeZOj+Nzy3oyQe+Nu8KSmWSc3Y=,zBXIPjFrO1yNfLO0s6zwbAT1i0Y=
20,-12,uDeZOj+Nzy3oyQe+Nu8KSmWSc3Y=,zBXIPjFrO1yNfLO0s6zwbAT1i0Y=
21,-12,uDeZOj+Nzy3oyQe+Nu8KSmWSc3Y=,zBXIPjFrO1yNfLO0s6zwbAT1i0Y=
17,-11,uDeZOj+Nzy3oyQe+Nu8KSmWSc3Y=,zBXIPjFrO1yNfLO0s6zwbAT1i0Y=
16,-11,uDeZOj+Nzy3oyQe+Nu8KSmWSc3Y=,zBXIPjFrO1yNfLO0s6zwbAT1i0Y=
23,-12,uDeZOj+Nzy3oyQe+Nu8KSmWSc3Y=,zBXIPjFrO1yNfLO0s6zwbAT1i0Y=
22,-12,uDeZOj+Nzy3oyQe+Nu8KSmWSc3Y=,zBXIPjFrO1yNfLO0s6zwbAT1i0Y=
17,-4,uDeZOj+Nzy3oyQe+Nu8KSmWSc3Y=,zpQYZJRocjXP1+K7qox10MeYrvc=
21,-4,uDeZOj+Nzy3oyQe+Nu8KSmWSc3Y=,zpQYZJRocjXP1+K7qox10MeYrvc=
20,-4,uDeZOj+Nzy3oyQe+Nu8KSmWSc3Y=,zpQYZJRocjXP1+K7qox10MeYrvc=
22,-4,uDeZOj+Nzy3oyQe+Nu8KSmWSc3Y=,zpQYZJRocjXP1+K7qox10MeYrvc=
22,-5,uDeZOj+Nzy3oyQe+Nu8KSmWSc3Y=,zpQYZJRocjXP1+K7qox10MeYrvc=
23,-5,uDeZOj+Nzy3oyQe+Nu8KSmWSc3Y=,zpQYZJRocjXP1+K7qox10MeYrvc=
19,-4,uDeZOj+Nzy3oyQe+Nu8KSmWSc3Y=,zpQYZJRocjXP1+K7qox10MeYrvc=
20,-5,uDeZOj+Nzy3oyQe+Nu8KSmWSc3Y=,zpQYZJRocjXP1+K7qox10MeYrvc=
18,-4,uDeZOj+Nzy3oyQe+Nu8KSmWSc3Y=,zpQYZJRocjXP1+K7qox10MeYrvc=
21,-5,uDeZOj+Nzy3oyQe+Nu8KSmWSc3Y=,zpQYZJRocjXP1+K7qox10MeYrvc=
18,-5,uDeZOj+Nzy3oyQe+Nu8KSmWSc3Y=,zpQYZJRocjXP1+K7qox10MeYrvc=
23,-4,uDeZOj+Nzy3oyQe+Nu8KSmWSc3Y=,zpQYZJRocjXP1+K7qox10MeYrvc=
17,-5,uDeZOj+Nzy3oyQe+Nu8KSmWSc3Y=,zpQYZJRocjXP1+K7qox10MeYrvc=
24,-5,uDeZOj+Nzy3oyQe+Nu8KSmWSc3Y=,NKNFlWhYeRwQjK0qOH2Z1Zp4u7c=
19,-5,uDeZOj+Nzy3oyQe+Nu8KSmWSc3Y=,zpQYZJRocjXP1+K7qox10MeYrvc=
23,-6,uDeZOj+Nzy3oyQe+Nu8KSmWSc3Y=,zpQYZJRocjXP1+K7qox10MeYrvc=
21,-6,uDeZOj+Nzy3oyQe+Nu8KSmWSc3Y=,zpQYZJRocjXP1+K7qox10MeYrvc=
22,-6,uDeZOj+Nzy3oyQe+Nu8KSmWSc3Y=,zpQYZJRocjXP1+K7qox10MeYrvc=
20,-6,uDeZOj+Nzy3oyQe+Nu8KSmWSc3Y=,zpQYZJRocjXP1+K7qox10MeYrvc=
18,-6,uDeZOj+Nzy3oyQe+Nu8KSmWSc3Y=,zpQYZJRocjXP1+K7qox10MeYrvc=
19,-6,uDeZOj+Nzy3oyQe+Nu8KSmWSc3Y=,zpQYZJRocjXP1+K7qox10MeYrvc=
24,-4,uDeZOj+Nzy3oyQe+Nu8KSmWSc3Y=,NKNFlWhYeRwQjK0qOH2Z1Zp4u7c=
22,-7,uDeZOj+Nzy3oyQe+Nu8KSmWSc3Y=,zpQYZJRocjXP1+K7qox10MeYrvc=
19,-7,uDeZOj+Nzy3oyQe+Nu8KSmWSc3Y=,zpQYZJRocjXP1+K7qox10MeYrvc=
17,-7,uDeZOj+Nzy3oyQe+Nu8KSmWSc3Y=,zpQYZJRocjXP1+K7qox10MeYrvc=
23,-7,uDeZOj+Nzy3oyQe+Nu8KSmWSc3Y=,zpQYZJRocjXP1+K7qox10MeYrvc=
23,-8,uDeZOj+Nzy3oyQe+Nu8KSmWSc3Y=,zpQYZJRocjXP1+K7qox10MeYrvc=
18,-7,uDeZOj+Nzy3oyQe+Nu8KSmWSc3Y=,zpQYZJRocjXP1+K7qox10MeYrvc=
21,-7,uDeZOj+Nzy3oyQe+Nu8KSmWSc3Y=,zpQYZJRocjXP1+K7qox10MeYrvc=
19,-8,uDeZOj+Nzy3oyQe+Nu8KSmWSc3Y=,zpQYZJRocjXP1+K7qox10MeYrvc=
18,-8,uDeZOj+Nzy3oyQe+Nu8KSmWSc3Y=,zpQYZJRocjXP1+K7qox10MeYrvc=
24,-7,uDeZOj+Nzy3oyQe+Nu8KSmWSc3Y=,NKNFlWhYeRwQjK0qOH2Z1Zp4u7c=
24,-6,uDeZOj+Nzy3oyQe+Nu8KSmWSc3Y=,NKNFlWhYeRwQjK0qOH2Z1Zp4u7c=
20,-8,uDeZOj+Nzy3oyQe+Nu8KSmWSc3Y=,zpQYZJRocjXP1+K7qox10MeYrvc=
23,-1,uDeZOj+Nzy3oyQe+Nu8KSmWSc3Y=,zpQYZJRocjXP1+K7qox10MeYrvc=
17,-8,uDeZOj+Nzy3oyQe+Nu8KSmWSc3Y=,zpQYZJRocjXP1+K7qox10MeYrvc=
22,-1,uDeZOj+Nzy3oyQe+Nu8KSmWSc3Y=,zpQYZJRocjXP1+K7qox10MeYrvc=
17,-6,uDeZOj+Nzy3oyQe+Nu8KSmWSc3Y=,zpQYZJRocjXP1+K7qox10MeYrvc=
20,-7,uDeZOj+Nzy3oyQe+Nu8KSmWSc3Y=,zpQYZJRocjXP1+K7qox10MeYrvc=
23,-9,uDeZOj+Nzy3oyQe+Nu8KSmWSc3Y=,zBXIPjFrO1yNfLO0s6zwbAT1i0Y=
22,-8,uDeZOj+Nzy3oyQe+Nu8KSmWSc3Y=,zpQYZJRocjXP1+K7qox10MeYrvc=
21,-8,uDeZOj+Nzy3oyQe+Nu8KSmWSc3Y=,zpQYZJRocjXP1+K7qox10MeYrvc=
21,-9,uDeZOj+Nzy3oyQe+Nu8KSmWSc3Y=,zBXIPjFrO1yNfLO0s6zwbAT1i0Y=
22,-9,uDeZOj+Nzy3oyQe+Nu8KSmWSc3Y=,zBXIPjFrO1yNfLO0s6zwbAT1i0Y=
20,-9,uDeZOj+Nzy3oyQe+Nu8KSmWSc3Y=,zBXIPjFrO1yNfLO0s6zwbAT1i0Y=
24,-2,uDeZOj+Nzy3oyQe+Nu8KSmWSc3Y=,NKNFlWhYeRwQjK0qOH2Z1Zp4u7c=
19,-9,uDeZOj+Nzy3oyQe+Nu8KSmWSc3Y=,zBXIPjFrO1yNfLO0s6zwbAT1i0Y=
18,-9,uDeZOj+Nzy3oyQe+Nu8KSmWSc3Y=,zBXIPjFrO1yNfLO0s6zwbAT1i0Y=
23,-2,uDeZOj+Nzy3oyQe+Nu8KSmWSc3Y=,zpQYZJRocjXP1+K7qox10MeYrvc=
21,-1,uDeZOj+Nzy3oyQe+Nu8KSmWSc3Y=,zpQYZJRocjXP1+K7qox10MeYrvc=
24,-3,uDeZOj+Nzy3oyQe+Nu8KSmWSc3Y=,NKNFlWhYeRwQjK0qOH2Z1Zp4u7c=
22,-2,uDeZOj+Nzy3oyQe+Nu8KSmWSc3Y=,zpQYZJRocjXP1+K7qox10MeYrvc=
21,-2,uDeZOj+Nzy3oyQe+Nu8KSmWSc3Y=,zpQYZJRocjXP1+K7qox10MeYrvc=
20,-2,uDeZOj+Nzy3oyQe+Nu8KSmWSc3Y=,zpQYZJRocjXP1+K7qox10MeYrvc=
24,-8,uDeZOj+Nzy3oyQe+Nu8KSmWSc3Y=,NKNFlWhYeRwQjK0qOH2Z1Zp4u7c=
17,-9,uDeZOj+Nzy3oyQe+Nu8KSmWSc3Y=,zBXIPjFrO1yNfLO0s6zwbAT1i0Y=
24,-1,uDeZOj+Nzy3oyQe+Nu8KSmWSc3Y=,NKNFlWhYeRwQjK0qOH2Z1Zp4u7c=
20,-1,uDeZOj+Nzy3oyQe+Nu8KSmWSc3Y=,zpQYZJRocjXP1+K7qox10MeYrvc=
23,-3,uDeZOj+Nzy3oyQe+Nu8KSmWSc3Y=,zpQYZJRocjXP1+K7qox10MeYrvc=
22,-3,uDeZOj+Nzy3oyQe+Nu8KSmWSc3Y=,zpQYZJRocjXP1+K7qox10MeYrvc=
20,-3,uDeZOj+Nzy3oyQe+Nu8KSmWSc3Y=,zpQYZJRocjXP1+K7qox10MeYrvc=
21,-3,uDeZOj+Nzy3oyQe+Nu8KSmWSc3Y=,zpQYZJRocjXP1+K7qox10MeYrvc=
16,-8,uDeZOj+Nzy3oyQe+Nu8KSmWSc3Y=,zpQYZJRocjXP1+K7qox10MeYrvc=
16,-4,uDeZOj+Nzy3oyQe+Nu8KSmWSc3Y=,zpQYZJRocjXP1+K7qox10MeYrvc=
16,-9,uDeZOj+Nzy3oyQe+Nu8KSmWSc3Y=,zBXIPjFrO1yNfLO0s6zwbAT1i0Y=
16,-5,uDeZOj+Nzy3oyQe+Nu8KSmWSc3Y=,zpQYZJRocjXP1+K7qox10MeYrvc=
16,-6,uDeZOj+Nzy3oyQe+Nu8KSmWSc3Y=,zpQYZJRocjXP1+K7qox10MeYrvc=
16,-7,uDeZOj+Nzy3oyQe+Nu8KSmWSc3Y=,zpQYZJRocjXP1+K7qox10MeYrvc=
16,-3,uDeZOj+Nzy3oyQe+Nu8KSmWSc3Y=,zpQYZJRocjXP1+K7qox10MeYrvc=
18,-3,uDeZOj+Nzy3oyQe+Nu8KSmWSc3Y=,zpQYZJRocjXP1+K7qox10MeYrvc=
19,-2,uDeZOj+Nzy3oyQe+Nu8KSmWSc3Y=,zpQYZJRocjXP1+K7qox10MeYrvc=
16,-2,uDeZOj+Nzy3oyQe+Nu8KSmWSc3Y=,zpQYZJRocjXP1+K7qox10MeYrvc=
17,-3,uDeZOj+Nzy3oyQe+Nu8KSmWSc3Y=,zpQYZJRocjXP1+K7qox10MeYrvc=
18,-2,uDeZOj+Nzy3oyQe+Nu8KSmWSc3Y=,zpQYZJRocjXP1+K7qox10MeYrvc=
17,-2,uDeZOj+Nzy3oyQe+Nu8KSmWSc3Y=,zpQYZJRocjXP1+K7qox10MeYrvc=
19,-3,uDeZOj+Nzy3oyQe+Nu8KSmWSc3Y=,zpQYZJRocjXP1+K7qox10MeYrvc=
18,-1,uDeZOj+Nzy3oyQe+Nu8KSmWSc3Y=,zpQYZJRocjXP1+K7qox10MeYrvc=
19,-1,uDeZOj+Nzy3oyQe+Nu8KSmWSc3Y=,zpQYZJRocjXP1+K7qox10MeYrvc=
17,-1,uDeZOj+Nzy3oyQe+Nu8KSmWSc3Y=,zpQYZJRocjXP1+K7qox10MeYrvc=
18,-16,uDeZOj+Nzy3oyQe+Nu8KSmWSc3Y=,zBXIPjFrO1yNfLO0s6zwbAT1i0Y=
21,-16,uDeZOj+Nzy3oyQe+Nu8KSmWSc3Y=,zBXIPjFrO1yNfLO0s6zwbAT1i0Y=
22,-16,uDeZOj+Nzy3oyQe+Nu8KSmWSc3Y=,zBXIPjFrO1yNfLO0s6zwbAT1i0Y=
17,-16,uDeZOj+Nzy3oyQe+Nu8KSmWSc3Y=,zBXIPjFrO1yNfLO0s6zwbAT1i0Y=
19,-16,uDeZOj+Nzy3oyQe+Nu8KSmWSc3Y=,zBXIPjFrO1yNfLO0s6zwbAT1i0Y=
20,-16,uDeZOj+Nzy3oyQe+Nu8KSmWSc3Y=,zBXIPjFrO1yNfLO0s6zwbAT1i0Y=
23,-16,uDeZOj+Nzy3oyQe+Nu8KSmWSc3Y=,zBXIPjFrO1yNfLO0s6zwbAT1i0Y=
31,-3,uDeZOj+Nzy3oyQe+Nu8KSmWSc3Y=,NKNFlWhYeRwQjK0qOH2Z1Zp4u7c=
31,-6,uDeZOj+Nzy3oyQe+Nu8KSmWSc3Y=,NKNFlWhYeRwQjK0qOH2Z1Zp4u7c=
31,-7,uDeZOj+Nzy3oyQe+Nu8KSmWSc3Y=,NKNFlWhYeRwQjK0qOH2Z1Zp4u7c=
31,-4,uDeZOj+Nzy3oyQe+Nu8KSmWSc3Y=,NKNFlWhYeRwQjK0qOH2Z1Zp4u7c=
31,-2,uDeZOj+Nzy3oyQe+Nu8KSmWSc3Y=,NKNFlWhYeRwQjK0qOH2Z1Zp4u7c=
31,-8,uDeZOj+Nzy3oyQe+Nu8KSmWSc3Y=,NKNFlWhYeRwQjK0qOH2Z1Zp4u7c=
31,-5,uDeZOj+Nzy3oyQe+Nu8KSmWSc3Y=,NKNFlWhYeRwQjK0qOH2Z1Zp4u7c=
16,-16,uDeZOj+Nzy3oyQe+Nu8KSmWSc3Y=,zBXIPjFrO1yNfLO0s6zwbAT1i0Y=
16,-1,uDeZOj+Nzy3oyQe+Nu8KSmWSc3Y=,zpQYZJRocjXP1+K7qox10MeYrvc=
31,-1,uDeZOj+Nzy3oyQe+Nu8KSmWSc3Y=,NKNFlWhYeRwQjK0qOH2Z1Zp4u7c=
