-4,0,5xXsPqZ2Zs6B51U4ZKmpDMWNXRU=,0TVIArcUo6oBBJSFJzHNvEYKKHs=
-3,0,5xXsPqZ2Zs6B51U4ZKmpDMWNXRU=,0TVIArcUo6oBBJSFJzHNvEYKKHs=
-2,0,5xXsPqZ2Zs6B51U4ZKmpDMWNXRU=,0TVIArcUo6oBBJSFJzHNvEYKKHs=
-1,0,5xXsPqZ2Zs6B51U4ZKmpDMWNXRU=,0TVIArcUo6oBBJSFJzHNvEYKKHs=
-2,1,5xXsPqZ2Zs6B51U4ZKmpDMWNXRU=,HDTSc6t+lKntibjgec3Aqkpo/PQ=
-1,1,5xXsPqZ2Zs6B51U4ZKmpDMWNXRU=,0TVIArcUo6oBBJSFJzHNvEYKKHs=
-1,2,5xXsPqZ2Zs6B51U4ZKmpDMWNXRU=,0TVIArcUo6oBBJSFJzHNvEYKKHs=
-3,1,5xXsPqZ2Zs6B51U4ZKmpDMWNXRU=,n3vFsqwOU246ScNmkT1asi238go=
-3,2,5xXsPqZ2Zs6B51U4ZKmpDMWNXRU=,J9SW5w/dIS05FuiSfEd2d1x/D74=
-2,2,5xXsPqZ2Zs6B51U4ZKmpDMWNXRU=,2o0AcHf/AJnb/1EllyfDT89P/Nc=
-2,3,9TaLVDB3rMNXaRxYDMRN9e54PXY=,0TVIArcUo6oBBJSFJzHNvEYKKHs=
-1,3,9TaLVDB3rMNXaRxYDMRN9e54PXY=,0TVIArcUo6oBBJSFJzHNvEYKKHs=
