35,10,63vy3/rOpkrRalwQY2N3+tbPLFw=,fV+zHaUw4la8FaCA8BV3suSCPY0=
32,9,63vy3/rOpkrRalwQY2N3+tbPLFw=,fV+zHaUw4la8FaCA8BV3suSCPY0=
33,10,63vy3/rOpkrRalwQY2N3+tbPLFw=,fV+zHaUw4la8FaCA8BV3suSCPY0=
35,11,63vy3/rOpkrRalwQY2N3+tbPLFw=,fV+zHaUw4la8FaCA8BV3suSCPY0=
34,11,63vy3/rOpkrRalwQY2N3+tbPLFw=,fV+zHaUw4la8FaCA8BV3suSCPY0=
34,9,63vy3/rOpkrRalwQY2N3+tbPLFw=,fV+zHaUw4la8FaCA8BV3suSCPY0=
32,10,k2kXaLA/gcSsAo5hXX7ssUrqjSw=,fV+zHaUw4la8FaCA8BV3suSCPY0=
32,11,63vy3/rOpkrRalwQY2N3+tbPLFw=,fV+zHaUw4la8FaCA8BV3suSCPY0=
34,10,63vy3/rOpkrRalwQY2N3+tbPLFw=,fV+zHaUw4la8FaCA8BV3suSCPY0=
33,9,63vy3/rOpkrRalwQY2N3+tbPLFw=,fV+zHaUw4la8FaCA8BV3suSCPY0=
33,11,63vy3/rOpkrRalwQY2N3+tbPLFw=,fV+zHaUw4la8FaCA8BV3suSCPY0=
35,8,63vy3/rOpkrRalwQY2N3+tbPLFw=,fV+zHaUw4la8FaCA8BV3suSCPY0=
35,9,63vy3/rOpkrRalwQY2N3+tbPLFw=,fV+zHaUw4la8FaCA8BV3suSCPY0=
34,8,63vy3/rOpkrRalwQY2N3+tbPLFw=,fV+zHaUw4la8FaCA8BV3suSCPY0=
35,4,63vy3/rOpkrRalwQY2N3+tbPLFw=,GQsXOeeHgyAZgjkpt7d15odDnBU=
35,5,63vy3/rOpkrRalwQY2N3+tbPLFw=,GQsXOeeHgyAZgjkpt7d15odDnBU=
34,4,63vy3/rOpkrRalwQY2N3+tbPLFw=,GQsXOeeHgyAZgjkpt7d15odDnBU=
33,4,63vy3/rOpkrRalwQY2N3+tbPLFw=,GQsXOeeHgyAZgjkpt7d15odDnBU=
33,5,63vy3/rOpkrRalwQY2N3+tbPLFw=,GQsXOeeHgyAZgjkpt7d15odDnBU=
35,6,63vy3/rOpkrRalwQY2N3+tbPLFw=,GQsXOeeHgyAZgjkpt7d15odDnBU=
32,4,63vy3/rOpkrRalwQY2N3+tbPLFw=,GQsXOeeHgyAZgjkpt7d15odDnBU=
34,5,63vy3/rOpkrRalwQY2N3+tbPLFw=,GQsXOeeHgyAZgjkpt7d15odDnBU=
34,6,63vy3/rOpkrRalwQY2N3+tbPLFw=,GQsXOeeHgyAZgjkpt7d15odDnBU=
34,7,63vy3/rOpkrRalwQY2N3+tbPLFw=,GQsXOeeHgyAZgjkpt7d15odDnBU=
32,5,63vy3/rOpkrRalwQY2N3+tbPLFw=,GQsXOeeHgyAZgjkpt7d15odDnBU=
33,6,63vy3/rOpkrRalwQY2N3+tbPLFw=,GQsXOeeHgyAZgjkpt7d15odDnBU=
35,7,63vy3/rOpkrRalwQY2N3+tbPLFw=,GQsXOeeHgyAZgjkpt7d15odDnBU=
33,8,63vy3/rOpkrRalwQY2N3+tbPLFw=,fV+zHaUw4la8FaCA8BV3suSCPY0=
33,7,63vy3/rOpkrRalwQY2N3+tbPLFw=,GQsXOeeHgyAZgjkpt7d15odDnBU=
32,7,63vy3/rOpkrRalwQY2N3+tbPLFw=,GQsXOeeHgyAZgjkpt7d15odDnBU=
32,6,63vy3/rOpkrRalwQY2N3+tbPLFw=,GQsXOeeHgyAZgjkpt7d15odDnBU=
32,8,63vy3/rOpkrRalwQY2N3+tbPLFw=,fV+zHaUw4la8FaCA8BV3suSCPY0=
