12,11,BGIt2X99PTH1LFsIpGNP1ATVJbU=,R4wASCgYOVVcaWbQUtWP0ENm9ys=
13,11,BGIt2X99PTH1LFsIpGNP1ATVJbU=,R4wASCgYOVVcaWbQUtWP0ENm9ys=
14,11,BGIt2X99PTH1LFsIpGNP1ATVJbU=,R4wASCgYOVVcaWbQUtWP0ENm9ys=
9,9,BGIt2X99PTH1LFsIpGNP1ATVJbU=,R4wASCgYOVVcaWbQUtWP0ENm9ys=
10,9,BGIt2X99PTH1LFsIpGNP1ATVJbU=,R4wASCgYOVVcaWbQUtWP0ENm9ys=
11,11,BGIt2X99PTH1LFsIpGNP1ATVJbU=,R4wASCgYOVVcaWbQUtWP0ENm9ys=
9,11,BGIt2X99PTH1LFsIpGNP1ATVJbU=,R4wASCgYOVVcaWbQUtWP0ENm9ys=
10,11,BGIt2X99PTH1LFsIpGNP1ATVJbU=,R4wASCgYOVVcaWbQUtWP0ENm9ys=
14,14,BGIt2X99PTH1LFsIpGNP1ATVJbU=,R4wASCgYOVVcaWbQUtWP0ENm9ys=
11,14,BGIt2X99PTH1LFsIpGNP1ATVJbU=,R4wASCgYOVVcaWbQUtWP0ENm9ys=
13,14,BGIt2X99PTH1LFsIpGNP1ATVJbU=,R4wASCgYOVVcaWbQUtWP0ENm9ys=
10,14,BGIt2X99PTH1LFsIpGNP1ATVJbU=,R4wASCgYOVVcaWbQUtWP0ENm9ys=
12,14,BGIt2X99PTH1LFsIpGNP1ATVJbU=,R4wASCgYOVVcaWbQUtWP0ENm9ys=
13,13,BGIt2X99PTH1LFsIpGNP1ATVJbU=,R4wASCgYOVVcaWbQUtWP0ENm9ys=
14,10,BGIt2X99PTH1LFsIpGNP1ATVJbU=,R4wASCgYOVVcaWbQUtWP0ENm9ys=
9,14,BGIt2X99PTH1LFsIpGNP1ATVJbU=,R4wASCgYOVVcaWbQUtWP0ENm9ys=
12,13,BGIt2X99PTH1LFsIpGNP1ATVJbU=,R4wASCgYOVVcaWbQUtWP0ENm9ys=
11,13,BGIt2X99PTH1LFsIpGNP1ATVJbU=,R4wASCgYOVVcaWbQUtWP0ENm9ys=
14,13,BGIt2X99PTH1LFsIpGNP1ATVJbU=,R4wASCgYOVVcaWbQUtWP0ENm9ys=
10,13,BGIt2X99PTH1LFsIpGNP1ATVJbU=,R4wASCgYOVVcaWbQUtWP0ENm9ys=
9,13,BGIt2X99PTH1LFsIpGNP1ATVJbU=,R4wASCgYOVVcaWbQUtWP0ENm9ys=
14,12,BGIt2X99PTH1LFsIpGNP1ATVJbU=,R4wASCgYOVVcaWbQUtWP0ENm9ys=
11,12,BGIt2X99PTH1LFsIpGNP1ATVJbU=,R4wASCgYOVVcaWbQUtWP0ENm9ys=
10,12,BGIt2X99PTH1LFsIpGNP1ATVJbU=,R4wASCgYOVVcaWbQUtWP0ENm9ys=
13,10,BGIt2X99PTH1LFsIpGNP1ATVJbU=,R4wASCgYOVVcaWbQUtWP0ENm9ys=
9,12,BGIt2X99PTH1LFsIpGNP1ATVJbU=,R4wASCgYOVVcaWbQUtWP0ENm9ys=
12,12,BGIt2X99PTH1LFsIpGNP1ATVJbU=,R4wASCgYOVVcaWbQUtWP0ENm9ys=
13,12,BGIt2X99PTH1LFsIpGNP1ATVJbU=,R4wASCgYOVVcaWbQUtWP0ENm9ys=
12,10,BGIt2X99PTH1LFsIpGNP1ATVJbU=,R4wASCgYOVVcaWbQUtWP0ENm9ys=
11,10,BGIt2X99PTH1LFsIpGNP1ATVJbU=,R4wASCgYOVVcaWbQUtWP0ENm9ys=
10,10,BGIt2X99PTH1LFsIpGNP1ATVJbU=,R4wASCgYOVVcaWbQUtWP0ENm9ys=
9,10,BGIt2X99PTH1LFsIpGNP1ATVJbU=,R4wASCgYOVVcaWbQUtWP0ENm9ys=
14,9,BGIt2X99PTH1LFsIpGNP1ATVJbU=,R4wASCgYOVVcaWbQUtWP0ENm9ys=
13,9,BGIt2X99PTH1LFsIpGNP1ATVJbU=,R4wASCgYOVVcaWbQUtWP0ENm9ys=
12,9,BGIt2X99PTH1LFsIpGNP1ATVJbU=,R4wASCgYOVVcaWbQUtWP0ENm9ys=
11,9,BGIt2X99PTH1LFsIpGNP1ATVJbU=,R4wASCgYOVVcaWbQUtWP0ENm9ys=
8,12,BGIt2X99PTH1LFsIpGNP1ATVJbU=,R4wASCgYOVVcaWbQUtWP0ENm9ys=
4,13,BGIt2X99PTH1LFsIpGNP1ATVJbU=,hb3k7WoQ2Bdq61HI19OJhwkVTV8=
6,13,BGIt2X99PTH1LFsIpGNP1ATVJbU=,hb3k7WoQ2Bdq61HI19OJhwkVTV8=
7,13,BGIt2X99PTH1LFsIpGNP1ATVJbU=,hb3k7WoQ2Bdq61HI19OJhwkVTV8=
1,14,BGIt2X99PTH1LFsIpGNP1ATVJbU=,hb3k7WoQ2Bdq61HI19OJhwkVTV8=
2,14,BGIt2X99PTH1LFsIpGNP1ATVJbU=,hb3k7WoQ2Bdq61HI19OJhwkVTV8=
3,14,BGIt2X99PTH1LFsIpGNP1ATVJbU=,hb3k7WoQ2Bdq61HI19OJhwkVTV8=
5,13,BGIt2X99PTH1LFsIpGNP1ATVJbU=,hb3k7WoQ2Bdq61HI19OJhwkVTV8=
4,14,BGIt2X99PTH1LFsIpGNP1ATVJbU=,hb3k7WoQ2Bdq61HI19OJhwkVTV8=
5,14,BGIt2X99PTH1LFsIpGNP1ATVJbU=,hb3k7WoQ2Bdq61HI19OJhwkVTV8=
6,14,BGIt2X99PTH1LFsIpGNP1ATVJbU=,hb3k7WoQ2Bdq61HI19OJhwkVTV8=
7,14,BGIt2X99PTH1LFsIpGNP1ATVJbU=,hb3k7WoQ2Bdq61HI19OJhwkVTV8=
8,10,BGIt2X99PTH1LFsIpGNP1ATVJbU=,R4wASCgYOVVcaWbQUtWP0ENm9ys=
8,9,BGIt2X99PTH1LFsIpGNP1ATVJbU=,R4wASCgYOVVcaWbQUtWP0ENm9ys=
1,9,BGIt2X99PTH1LFsIpGNP1ATVJbU=,hb3k7WoQ2Bdq61HI19OJhwkVTV8=
2,9,BGIt2X99PTH1LFsIpGNP1ATVJbU=,hb3k7WoQ2Bdq61HI19OJhwkVTV8=
3,9,BGIt2X99PTH1LFsIpGNP1ATVJbU=,hb3k7WoQ2Bdq61HI19OJhwkVTV8=
4,9,BGIt2X99PTH1LFsIpGNP1ATVJbU=,hb3k7WoQ2Bdq61HI19OJhwkVTV8=
5,9,BGIt2X99PTH1LFsIpGNP1ATVJbU=,hb3k7WoQ2Bdq61HI19OJhwkVTV8=
6,9,BGIt2X99PTH1LFsIpGNP1ATVJbU=,hb3k7WoQ2Bdq61HI19OJhwkVTV8=
7,9,BGIt2X99PTH1LFsIpGNP1ATVJbU=,hb3k7WoQ2Bdq61HI19OJhwkVTV8=
1,10,BGIt2X99PTH1LFsIpGNP1ATVJbU=,hb3k7WoQ2Bdq61HI19OJhwkVTV8=
2,10,BGIt2X99PTH1LFsIpGNP1ATVJbU=,hb3k7WoQ2Bdq61HI19OJhwkVTV8=
3,10,BGIt2X99PTH1LFsIpGNP1ATVJbU=,hb3k7WoQ2Bdq61HI19OJhwkVTV8=
4,10,BGIt2X99PTH1LFsIpGNP1ATVJbU=,hb3k7WoQ2Bdq61HI19OJhwkVTV8=
5,10,BGIt2X99PTH1LFsIpGNP1ATVJbU=,hb3k7WoQ2Bdq61HI19OJhwkVTV8=
6,10,BGIt2X99PTH1LFsIpGNP1ATVJbU=,hb3k7WoQ2Bdq61HI19OJhwkVTV8=
1,11,BGIt2X99PTH1LFsIpGNP1ATVJbU=,hb3k7WoQ2Bdq61HI19OJhwkVTV8=
7,10,BGIt2X99PTH1LFsIpGNP1ATVJbU=,hb3k7WoQ2Bdq61HI19OJhwkVTV8=
3,11,BGIt2X99PTH1LFsIpGNP1ATVJbU=,hb3k7WoQ2Bdq61HI19OJhwkVTV8=
2,11,BGIt2X99PTH1LFsIpGNP1ATVJbU=,hb3k7WoQ2Bdq61HI19OJhwkVTV8=
8,13,BGIt2X99PTH1LFsIpGNP1ATVJbU=,R4wASCgYOVVcaWbQUtWP0ENm9ys=
4,11,BGIt2X99PTH1LFsIpGNP1ATVJbU=,hb3k7WoQ2Bdq61HI19OJhwkVTV8=
5,11,BGIt2X99PTH1LFsIpGNP1ATVJbU=,hb3k7WoQ2Bdq61HI19OJhwkVTV8=
6,11,BGIt2X99PTH1LFsIpGNP1ATVJbU=,hb3k7WoQ2Bdq61HI19OJhwkVTV8=
7,11,BGIt2X99PTH1LFsIpGNP1ATVJbU=,hb3k7WoQ2Bdq61HI19OJhwkVTV8=
1,12,BGIt2X99PTH1LFsIpGNP1ATVJbU=,hb3k7WoQ2Bdq61HI19OJhwkVTV8=
2,12,BGIt2X99PTH1LFsIpGNP1ATVJbU=,hb3k7WoQ2Bdq61HI19OJhwkVTV8=
3,12,BGIt2X99PTH1LFsIpGNP1ATVJbU=,hb3k7WoQ2Bdq61HI19OJhwkVTV8=
4,12,BGIt2X99PTH1LFsIpGNP1ATVJbU=,hb3k7WoQ2Bdq61HI19OJhwkVTV8=
5,12,BGIt2X99PTH1LFsIpGNP1ATVJbU=,hb3k7WoQ2Bdq61HI19OJhwkVTV8=
6,12,BGIt2X99PTH1LFsIpGNP1ATVJbU=,hb3k7WoQ2Bdq61HI19OJhwkVTV8=
8,11,BGIt2X99PTH1LFsIpGNP1ATVJbU=,R4wASCgYOVVcaWbQUtWP0ENm9ys=
7,12,BGIt2X99PTH1LFsIpGNP1ATVJbU=,hb3k7WoQ2Bdq61HI19OJhwkVTV8=
8,14,BGIt2X99PTH1LFsIpGNP1ATVJbU=,R4wASCgYOVVcaWbQUtWP0ENm9ys=
2,13,BGIt2X99PTH1LFsIpGNP1ATVJbU=,hb3k7WoQ2Bdq61HI19OJhwkVTV8=
3,13,BGIt2X99PTH1LFsIpGNP1ATVJbU=,hb3k7WoQ2Bdq61HI19OJhwkVTV8=
1,13,BGIt2X99PTH1LFsIpGNP1ATVJbU=,hb3k7WoQ2Bdq61HI19OJhwkVTV8=
14,7,BGIt2X99PTH1LFsIpGNP1ATVJbU=,YOl2DPwo2veM8EKXDCuODY9/UHY=
9,8,BGIt2X99PTH1LFsIpGNP1ATVJbU=,R4wASCgYOVVcaWbQUtWP0ENm9ys=
10,8,BGIt2X99PTH1LFsIpGNP1ATVJbU=,R4wASCgYOVVcaWbQUtWP0ENm9ys=
11,8,BGIt2X99PTH1LFsIpGNP1ATVJbU=,R4wASCgYOVVcaWbQUtWP0ENm9ys=
12,8,BGIt2X99PTH1LFsIpGNP1ATVJbU=,R4wASCgYOVVcaWbQUtWP0ENm9ys=
13,8,BGIt2X99PTH1LFsIpGNP1ATVJbU=,R4wASCgYOVVcaWbQUtWP0ENm9ys=
13,7,BGIt2X99PTH1LFsIpGNP1ATVJbU=,YOl2DPwo2veM8EKXDCuODY9/UHY=
12,7,BGIt2X99PTH1LFsIpGNP1ATVJbU=,YOl2DPwo2veM8EKXDCuODY9/UHY=
14,8,BGIt2X99PTH1LFsIpGNP1ATVJbU=,R4wASCgYOVVcaWbQUtWP0ENm9ys=
11,7,BGIt2X99PTH1LFsIpGNP1ATVJbU=,YOl2DPwo2veM8EKXDCuODY9/UHY=
10,7,BGIt2X99PTH1LFsIpGNP1ATVJbU=,YOl2DPwo2veM8EKXDCuODY9/UHY=
9,7,BGIt2X99PTH1LFsIpGNP1ATVJbU=,YOl2DPwo2veM8EKXDCuODY9/UHY=
14,2,BGIt2X99PTH1LFsIpGNP1ATVJbU=,YOl2DPwo2veM8EKXDCuODY9/UHY=
13,2,BGIt2X99PTH1LFsIpGNP1ATVJbU=,YOl2DPwo2veM8EKXDCuODY9/UHY=
13,1,BGIt2X99PTH1LFsIpGNP1ATVJbU=,YOl2DPwo2veM8EKXDCuODY9/UHY=
14,1,BGIt2X99PTH1LFsIpGNP1ATVJbU=,YOl2DPwo2veM8EKXDCuODY9/UHY=
14,6,BGIt2X99PTH1LFsIpGNP1ATVJbU=,YOl2DPwo2veM8EKXDCuODY9/UHY=
13,6,BGIt2X99PTH1LFsIpGNP1ATVJbU=,YOl2DPwo2veM8EKXDCuODY9/UHY=
12,6,BGIt2X99PTH1LFsIpGNP1ATVJbU=,YOl2DPwo2veM8EKXDCuODY9/UHY=
13,3,BGIt2X99PTH1LFsIpGNP1ATVJbU=,YOl2DPwo2veM8EKXDCuODY9/UHY=
12,2,BGIt2X99PTH1LFsIpGNP1ATVJbU=,YOl2DPwo2veM8EKXDCuODY9/UHY=
11,6,BGIt2X99PTH1LFsIpGNP1ATVJbU=,YOl2DPwo2veM8EKXDCuODY9/UHY=
14,3,BGIt2X99PTH1LFsIpGNP1ATVJbU=,YOl2DPwo2veM8EKXDCuODY9/UHY=
10,6,BGIt2X99PTH1LFsIpGNP1ATVJbU=,YOl2DPwo2veM8EKXDCuODY9/UHY=
9,6,BGIt2X99PTH1LFsIpGNP1ATVJbU=,YOl2DPwo2veM8EKXDCuODY9/UHY=
14,5,BGIt2X99PTH1LFsIpGNP1ATVJbU=,YOl2DPwo2veM8EKXDCuODY9/UHY=
12,3,BGIt2X99PTH1LFsIpGNP1ATVJbU=,YOl2DPwo2veM8EKXDCuODY9/UHY=
13,5,BGIt2X99PTH1LFsIpGNP1ATVJbU=,YOl2DPwo2veM8EKXDCuODY9/UHY=
12,5,BGIt2X99PTH1LFsIpGNP1ATVJbU=,YOl2DPwo2veM8EKXDCuODY9/UHY=
10,5,BGIt2X99PTH1LFsIpGNP1ATVJbU=,YOl2DPwo2veM8EKXDCuODY9/UHY=
11,5,BGIt2X99PTH1LFsIpGNP1ATVJbU=,YOl2DPwo2veM8EKXDCuODY9/UHY=
9,5,BGIt2X99PTH1LFsIpGNP1ATVJbU=,YOl2DPwo2veM8EKXDCuODY9/UHY=
14,4,BGIt2X99PTH1LFsIpGNP1ATVJbU=,YOl2DPwo2veM8EKXDCuODY9/UHY=
13,4,BGIt2X99PTH1LFsIpGNP1ATVJbU=,YOl2DPwo2veM8EKXDCuODY9/UHY=
9,4,BGIt2X99PTH1LFsIpGNP1ATVJbU=,YOl2DPwo2veM8EKXDCuODY9/UHY=
12,4,BGIt2X99PTH1LFsIpGNP1ATVJbU=,YOl2DPwo2veM8EKXDCuODY9/UHY=
11,2,BGIt2X99PTH1LFsIpGNP1ATVJbU=,YOl2DPwo2veM8EKXDCuODY9/UHY=
10,2,BGIt2X99PTH1LFsIpGNP1ATVJbU=,YOl2DPwo2veM8EKXDCuODY9/UHY=
12,1,BGIt2X99PTH1LFsIpGNP1ATVJbU=,YOl2DPwo2veM8EKXDCuODY9/UHY=
11,4,BGIt2X99PTH1LFsIpGNP1ATVJbU=,YOl2DPwo2veM8EKXDCuODY9/UHY=
10,1,BGIt2X99PTH1LFsIpGNP1ATVJbU=,YOl2DPwo2veM8EKXDCuODY9/UHY=
10,4,BGIt2X99PTH1LFsIpGNP1ATVJbU=,YOl2DPwo2veM8EKXDCuODY9/UHY=
9,3,BGIt2X99PTH1LFsIpGNP1ATVJbU=,YOl2DPwo2veM8EKXDCuODY9/UHY=
10,3,BGIt2X99PTH1LFsIpGNP1ATVJbU=,YOl2DPwo2veM8EKXDCuODY9/UHY=
9,2,BGIt2X99PTH1LFsIpGNP1ATVJbU=,YOl2DPwo2veM8EKXDCuODY9/UHY=
11,3,BGIt2X99PTH1LFsIpGNP1ATVJbU=,YOl2DPwo2veM8EKXDCuODY9/UHY=
11,1,BGIt2X99PTH1LFsIpGNP1ATVJbU=,YOl2DPwo2veM8EKXDCuODY9/UHY=
9,1,BGIt2X99PTH1LFsIpGNP1ATVJbU=,YOl2DPwo2veM8EKXDCuODY9/UHY=
7,4,BGIt2X99PTH1LFsIpGNP1ATVJbU=,NsKdsp49VNtQH9cwYPlFc9mWf4w=
8,7,BGIt2X99PTH1LFsIpGNP1ATVJbU=,YOl2DPwo2veM8EKXDCuODY9/UHY=
3,7,BGIt2X99PTH1LFsIpGNP1ATVJbU=,NsKdsp49VNtQH9cwYPlFc9mWf4w=
8,6,BGIt2X99PTH1LFsIpGNP1ATVJbU=,YOl2DPwo2veM8EKXDCuODY9/UHY=
4,5,BGIt2X99PTH1LFsIpGNP1ATVJbU=,NsKdsp49VNtQH9cwYPlFc9mWf4w=
2,7,BGIt2X99PTH1LFsIpGNP1ATVJbU=,NsKdsp49VNtQH9cwYPlFc9mWf4w=
8,5,BGIt2X99PTH1LFsIpGNP1ATVJbU=,YOl2DPwo2veM8EKXDCuODY9/UHY=
1,7,BGIt2X99PTH1LFsIpGNP1ATVJbU=,NsKdsp49VNtQH9cwYPlFc9mWf4w=
3,5,BGIt2X99PTH1LFsIpGNP1ATVJbU=,NsKdsp49VNtQH9cwYPlFc9mWf4w=
0,2,BGIt2X99PTH1LFsIpGNP1ATVJbU=,NsKdsp49VNtQH9cwYPlFc9mWf4w=
8,2,BGIt2X99PTH1LFsIpGNP1ATVJbU=,YOl2DPwo2veM8EKXDCuODY9/UHY=
7,6,BGIt2X99PTH1LFsIpGNP1ATVJbU=,NsKdsp49VNtQH9cwYPlFc9mWf4w=
8,3,BGIt2X99PTH1LFsIpGNP1ATVJbU=,YOl2DPwo2veM8EKXDCuODY9/UHY=
8,4,BGIt2X99PTH1LFsIpGNP1ATVJbU=,YOl2DPwo2veM8EKXDCuODY9/UHY=
7,1,BGIt2X99PTH1LFsIpGNP1ATVJbU=,NsKdsp49VNtQH9cwYPlFc9mWf4w=
6,6,BGIt2X99PTH1LFsIpGNP1ATVJbU=,NsKdsp49VNtQH9cwYPlFc9mWf4w=
5,5,BGIt2X99PTH1LFsIpGNP1ATVJbU=,NsKdsp49VNtQH9cwYPlFc9mWf4w=
6,1,BGIt2X99PTH1LFsIpGNP1ATVJbU=,NsKdsp49VNtQH9cwYPlFc9mWf4w=
2,5,BGIt2X99PTH1LFsIpGNP1ATVJbU=,NsKdsp49VNtQH9cwYPlFc9mWf4w=
2,1,BGIt2X99PTH1LFsIpGNP1ATVJbU=,NsKdsp49VNtQH9cwYPlFc9mWf4w=
6,4,BGIt2X99PTH1LFsIpGNP1ATVJbU=,NsKdsp49VNtQH9cwYPlFc9mWf4w=
8,1,BGIt2X99PTH1LFsIpGNP1ATVJbU=,YOl2DPwo2veM8EKXDCuODY9/UHY=
4,6,BGIt2X99PTH1LFsIpGNP1ATVJbU=,NsKdsp49VNtQH9cwYPlFc9mWf4w=
7,8,BGIt2X99PTH1LFsIpGNP1ATVJbU=,hb3k7WoQ2Bdq61HI19OJhwkVTV8=
6,8,BGIt2X99PTH1LFsIpGNP1ATVJbU=,hb3k7WoQ2Bdq61HI19OJhwkVTV8=
4,8,BGIt2X99PTH1LFsIpGNP1ATVJbU=,hb3k7WoQ2Bdq61HI19OJhwkVTV8=
5,8,BGIt2X99PTH1LFsIpGNP1ATVJbU=,hb3k7WoQ2Bdq61HI19OJhwkVTV8=
3,8,BGIt2X99PTH1LFsIpGNP1ATVJbU=,hb3k7WoQ2Bdq61HI19OJhwkVTV8=
2,8,BGIt2X99PTH1LFsIpGNP1ATVJbU=,hb3k7WoQ2Bdq61HI19OJhwkVTV8=
5,6,BGIt2X99PTH1LFsIpGNP1ATVJbU=,NsKdsp49VNtQH9cwYPlFc9mWf4w=
3,6,BGIt2X99PTH1LFsIpGNP1ATVJbU=,NsKdsp49VNtQH9cwYPlFc9mWf4w=
6,5,BGIt2X99PTH1LFsIpGNP1ATVJbU=,NsKdsp49VNtQH9cwYPlFc9mWf4w=
2,6,BGIt2X99PTH1LFsIpGNP1ATVJbU=,NsKdsp49VNtQH9cwYPlFc9mWf4w=
1,6,BGIt2X99PTH1LFsIpGNP1ATVJbU=,NsKdsp49VNtQH9cwYPlFc9mWf4w=
0,6,BGIt2X99PTH1LFsIpGNP1ATVJbU=,NsKdsp49VNtQH9cwYPlFc9mWf4w=
3,1,BGIt2X99PTH1LFsIpGNP1ATVJbU=,NsKdsp49VNtQH9cwYPlFc9mWf4w=
0,3,BGIt2X99PTH1LFsIpGNP1ATVJbU=,NsKdsp49VNtQH9cwYPlFc9mWf4w=
1,5,BGIt2X99PTH1LFsIpGNP1ATVJbU=,NsKdsp49VNtQH9cwYPlFc9mWf4w=
1,8,BGIt2X99PTH1LFsIpGNP1ATVJbU=,hb3k7WoQ2Bdq61HI19OJhwkVTV8=
7,5,BGIt2X99PTH1LFsIpGNP1ATVJbU=,NsKdsp49VNtQH9cwYPlFc9mWf4w=
0,5,BGIt2X99PTH1LFsIpGNP1ATVJbU=,NsKdsp49VNtQH9cwYPlFc9mWf4w=
4,3,BGIt2X99PTH1LFsIpGNP1ATVJbU=,NsKdsp49VNtQH9cwYPlFc9mWf4w=
7,7,BGIt2X99PTH1LFsIpGNP1ATVJbU=,NsKdsp49VNtQH9cwYPlFc9mWf4w=
3,3,BGIt2X99PTH1LFsIpGNP1ATVJbU=,NsKdsp49VNtQH9cwYPlFc9mWf4w=
8,8,BGIt2X99PTH1LFsIpGNP1ATVJbU=,R4wASCgYOVVcaWbQUtWP0ENm9ys=
6,7,BGIt2X99PTH1LFsIpGNP1ATVJbU=,NsKdsp49VNtQH9cwYPlFc9mWf4w=
1,1,BGIt2X99PTH1LFsIpGNP1ATVJbU=,NsKdsp49VNtQH9cwYPlFc9mWf4w=
2,3,BGIt2X99PTH1LFsIpGNP1ATVJbU=,NsKdsp49VNtQH9cwYPlFc9mWf4w=
4,7,BGIt2X99PTH1LFsIpGNP1ATVJbU=,NsKdsp49VNtQH9cwYPlFc9mWf4w=
0,1,BGIt2X99PTH1LFsIpGNP1ATVJbU=,NsKdsp49VNtQH9cwYPlFc9mWf4w=
5,7,BGIt2X99PTH1LFsIpGNP1ATVJbU=,NsKdsp49VNtQH9cwYPlFc9mWf4w=
4,1,BGIt2X99PTH1LFsIpGNP1ATVJbU=,NsKdsp49VNtQH9cwYPlFc9mWf4w=
1,3,BGIt2X99PTH1LFsIpGNP1ATVJbU=,NsKdsp49VNtQH9cwYPlFc9mWf4w=
2,4,BGIt2X99PTH1LFsIpGNP1ATVJbU=,NsKdsp49VNtQH9cwYPlFc9mWf4w=
6,3,BGIt2X99PTH1LFsIpGNP1ATVJbU=,NsKdsp49VNtQH9cwYPlFc9mWf4w=
3,4,BGIt2X99PTH1LFsIpGNP1ATVJbU=,NsKdsp49VNtQH9cwYPlFc9mWf4w=
5,4,BGIt2X99PTH1LFsIpGNP1ATVJbU=,NsKdsp49VNtQH9cwYPlFc9mWf4w=
0,4,BGIt2X99PTH1LFsIpGNP1ATVJbU=,NsKdsp49VNtQH9cwYPlFc9mWf4w=
1,4,BGIt2X99PTH1LFsIpGNP1ATVJbU=,NsKdsp49VNtQH9cwYPlFc9mWf4w=
4,4,BGIt2X99PTH1LFsIpGNP1ATVJbU=,NsKdsp49VNtQH9cwYPlFc9mWf4w=
3,2,BGIt2X99PTH1LFsIpGNP1ATVJbU=,NsKdsp49VNtQH9cwYPlFc9mWf4w=
5,3,BGIt2X99PTH1LFsIpGNP1ATVJbU=,NsKdsp49VNtQH9cwYPlFc9mWf4w=
5,1,BGIt2X99PTH1LFsIpGNP1ATVJbU=,NsKdsp49VNtQH9cwYPlFc9mWf4w=
7,3,BGIt2X99PTH1LFsIpGNP1ATVJbU=,NsKdsp49VNtQH9cwYPlFc9mWf4w=
7,2,BGIt2X99PTH1LFsIpGNP1ATVJbU=,NsKdsp49VNtQH9cwYPlFc9mWf4w=
4,2,BGIt2X99PTH1LFsIpGNP1ATVJbU=,NsKdsp49VNtQH9cwYPlFc9mWf4w=
2,2,BGIt2X99PTH1LFsIpGNP1ATVJbU=,NsKdsp49VNtQH9cwYPlFc9mWf4w=
5,2,BGIt2X99PTH1LFsIpGNP1ATVJbU=,NsKdsp49VNtQH9cwYPlFc9mWf4w=
1,2,BGIt2X99PTH1LFsIpGNP1ATVJbU=,NsKdsp49VNtQH9cwYPlFc9mWf4w=
6,2,BGIt2X99PTH1LFsIpGNP1ATVJbU=,NsKdsp49VNtQH9cwYPlFc9mWf4w=
15,5,BGIt2X99PTH1LFsIpGNP1ATVJbU=,YOl2DPwo2veM8EKXDCuODY9/UHY=
15,1,BGIt2X99PTH1LFsIpGNP1ATVJbU=,YOl2DPwo2veM8EKXDCuODY9/UHY=
15,4,BGIt2X99PTH1LFsIpGNP1ATVJbU=,YOl2DPwo2veM8EKXDCuODY9/UHY=
15,3,BGIt2X99PTH1LFsIpGNP1ATVJbU=,YOl2DPwo2veM8EKXDCuODY9/UHY=
15,6,BGIt2X99PTH1LFsIpGNP1ATVJbU=,YOl2DPwo2veM8EKXDCuODY9/UHY=
15,2,BGIt2X99PTH1LFsIpGNP1ATVJbU=,YOl2DPwo2veM8EKXDCuODY9/UHY=
15,10,BGIt2X99PTH1LFsIpGNP1ATVJbU=,R4wASCgYOVVcaWbQUtWP0ENm9ys=
15,7,BGIt2X99PTH1LFsIpGNP1ATVJbU=,YOl2DPwo2veM8EKXDCuODY9/UHY=
15,14,BGIt2X99PTH1LFsIpGNP1ATVJbU=,R4wASCgYOVVcaWbQUtWP0ENm9ys=
15,12,BGIt2X99PTH1LFsIpGNP1ATVJbU=,R4wASCgYOVVcaWbQUtWP0ENm9ys=
15,8,BGIt2X99PTH1LFsIpGNP1ATVJbU=,R4wASCgYOVVcaWbQUtWP0ENm9ys=
15,11,BGIt2X99PTH1LFsIpGNP1ATVJbU=,R4wASCgYOVVcaWbQUtWP0ENm9ys=
15,9,BGIt2X99PTH1LFsIpGNP1ATVJbU=,R4wASCgYOVVcaWbQUtWP0ENm9ys=
15,13,BGIt2X99PTH1LFsIpGNP1ATVJbU=,R4wASCgYOVVcaWbQUtWP0ENm9ys=
11,15,BGIt2X99PTH1LFsIpGNP1ATVJbU=,R4wASCgYOVVcaWbQUtWP0ENm9ys=
13,15,BGIt2X99PTH1LFsIpGNP1ATVJbU=,R4wASCgYOVVcaWbQUtWP0ENm9ys=
9,15,BGIt2X99PTH1LFsIpGNP1ATVJbU=,R4wASCgYOVVcaWbQUtWP0ENm9ys=
12,15,BGIt2X99PTH1LFsIpGNP1ATVJbU=,R4wASCgYOVVcaWbQUtWP0ENm9ys=
14,15,BGIt2X99PTH1LFsIpGNP1ATVJbU=,R4wASCgYOVVcaWbQUtWP0ENm9ys=
7,15,BGIt2X99PTH1LFsIpGNP1ATVJbU=,hb3k7WoQ2Bdq61HI19OJhwkVTV8=
10,15,BGIt2X99PTH1LFsIpGNP1ATVJbU=,R4wASCgYOVVcaWbQUtWP0ENm9ys=
1,15,BGIt2X99PTH1LFsIpGNP1ATVJbU=,hb3k7WoQ2Bdq61HI19OJhwkVTV8=
6,15,BGIt2X99PTH1LFsIpGNP1ATVJbU=,hb3k7WoQ2Bdq61HI19OJhwkVTV8=
5,15,BGIt2X99PTH1LFsIpGNP1ATVJbU=,hb3k7WoQ2Bdq61HI19OJhwkVTV8=
4,15,BGIt2X99PTH1LFsIpGNP1ATVJbU=,hb3k7WoQ2Bdq61HI19OJhwkVTV8=
3,15,BGIt2X99PTH1LFsIpGNP1ATVJbU=,hb3k7WoQ2Bdq61HI19OJhwkVTV8=
8,15,BGIt2X99PTH1LFsIpGNP1ATVJbU=,R4wASCgYOVVcaWbQUtWP0ENm9ys=
2,15,BGIt2X99PTH1LFsIpGNP1ATVJbU=,hb3k7WoQ2Bdq61HI19OJhwkVTV8=
0,13,BGIt2X99PTH1LFsIpGNP1ATVJbU=,hb3k7WoQ2Bdq61HI19OJhwkVTV8=
0,12,BGIt2X99PTH1LFsIpGNP1ATVJbU=,hb3k7WoQ2Bdq61HI19OJhwkVTV8=
0,7,BGIt2X99PTH1LFsIpGNP1ATVJbU=,NsKdsp49VNtQH9cwYPlFc9mWf4w=
0,11,BGIt2X99PTH1LFsIpGNP1ATVJbU=,hb3k7WoQ2Bdq61HI19OJhwkVTV8=
0,8,BGIt2X99PTH1LFsIpGNP1ATVJbU=,hb3k7WoQ2Bdq61HI19OJhwkVTV8=
0,9,BGIt2X99PTH1LFsIpGNP1ATVJbU=,hb3k7WoQ2Bdq61HI19OJhwkVTV8=
0,10,BGIt2X99PTH1LFsIpGNP1ATVJbU=,hb3k7WoQ2Bdq61HI19OJhwkVTV8=
0,14,BGIt2X99PTH1LFsIpGNP1ATVJbU=,hb3k7WoQ2Bdq61HI19OJhwkVTV8=
0,15,BGIt2X99PTH1LFsIpGNP1ATVJbU=,hb3k7WoQ2Bdq61HI19OJhwkVTV8=
15,15,BGIt2X99PTH1LFsIpGNP1ATVJbU=,R4wASCgYOVVcaWbQUtWP0ENm9ys=
4,0,BGIt2X99PTH1LFsIpGNP1ATVJbU=,NsKdsp49VNtQH9cwYPlFc9mWf4w=
5,0,BGIt2X99PTH1LFsIpGNP1ATVJbU=,NsKdsp49VNtQH9cwYPlFc9mWf4w=
2,0,BGIt2X99PTH1LFsIpGNP1ATVJbU=,NsKdsp49VNtQH9cwYPlFc9mWf4w=
3,0,BGIt2X99PTH1LFsIpGNP1ATVJbU=,NsKdsp49VNtQH9cwYPlFc9mWf4w=
14,0,BGIt2X99PTH1LFsIpGNP1ATVJbU=,YOl2DPwo2veM8EKXDCuODY9/UHY=
13,0,BGIt2X99PTH1LFsIpGNP1ATVJbU=,YOl2DPwo2veM8EKXDCuODY9/UHY=
6,0,BGIt2X99PTH1LFsIpGNP1ATVJbU=,NsKdsp49VNtQH9cwYPlFc9mWf4w=
15,0,BGIt2X99PTH1LFsIpGNP1ATVJbU=,YOl2DPwo2veM8EKXDCuODY9/UHY=
1,0,BGIt2X99PTH1LFsIpGNP1ATVJbU=,NsKdsp49VNtQH9cwYPlFc9mWf4w=
11,0,BGIt2X99PTH1LFsIpGNP1ATVJbU=,YOl2DPwo2veM8EKXDCuODY9/UHY=
12,0,BGIt2X99PTH1LFsIpGNP1ATVJbU=,YOl2DPwo2veM8EKXDCuODY9/UHY=
9,0,BGIt2X99PTH1LFsIpGNP1ATVJbU=,YOl2DPwo2veM8EKXDCuODY9/UHY=
7,0,BGIt2X99PTH1LFsIpGNP1ATVJbU=,NsKdsp49VNtQH9cwYPlFc9mWf4w=
10,0,BGIt2X99PTH1LFsIpGNP1ATVJbU=,YOl2DPwo2veM8EKXDCuODY9/UHY=
8,0,BGIt2X99PTH1LFsIpGNP1ATVJbU=,YOl2DPwo2veM8EKXDCuODY9/UHY=
0,0,BGIt2X99PTH1LFsIpGNP1ATVJbU=,NsKdsp49VNtQH9cwYPlFc9mWf4w=
